ID;Ano;Sexo;Cooper_Dist;Cooper_Nota
1;1;M;2289;0
2;1;M;2290;0,78
3;1;M;2291;0,88
4;1;M;2292;0,98
5;1;M;2293;1,08
6;1;M;2294;1,18
7;1;M;2295;1,28
8;1;M;2296;1,38
9;1;M;2297;1,48
10;1;M;2298;1,58
11;1;M;2299;1,68
12;1;M;2300;1,78
13;1;M;2301;1,88
14;1;M;2302;1,93
15;1;M;2303;1,98
16;1;M;2304;2,03
17;1;M;2305;2,08
18;1;M;2306;2,13
19;1;M;2307;2,18
20;1;M;2308;2,23
21;1;M;2309;2,28
22;1;M;2310;2,33
23;1;M;2311;2,38
24;1;M;2312;2,43
25;1;M;2313;2,48
26;1;M;2314;2,58
27;1;M;2315;2,68
28;1;M;2316;2,78
29;1;M;2317;2,88
30;1;M;2318;2,98
31;1;M;2319;3,08
32;1;M;2320;3,18
33;1;M;2321;3,23
34;1;M;2322;3,28
35;1;M;2323;3,33
36;1;M;2324;3,38
37;1;M;2325;3,43
38;1;M;2326;3,48
39;1;M;2327;3,58
40;1;M;2328;3,68
41;1;M;2329;3,78
42;1;M;2330;3,88
43;1;M;2331;3,98
44;1;M;2332;4,08
45;1;M;2333;4,18
46;1;M;2334;4,28
47;1;M;2335;4,33
48;1;M;2336;4,38
49;1;M;2337;4,43
50;1;M;2338;4,48
51;1;M;2339;4,58
52;1;M;2340;4,68
53;1;M;2341;4,78
54;1;M;2342;4,88
55;1;M;2343;4,98
56;1;M;2344;5,08
57;1;M;2345;5,18
58;1;M;2346;5,23
59;1;M;2347;5,28
60;1;M;2348;5,33
61;1;M;2349;5,38
62;1;M;2350;5,43
63;1;M;2351;5,48
64;1;M;2352;5,58
65;1;M;2353;5,68
66;1;M;2354;5,78
67;1;M;2355;5,88
68;1;M;2356;5,98
69;1;M;2357;6,08
70;1;M;2358;6,18
71;1;M;2359;6,23
72;1;M;2360;6,28
73;1;M;2361;6,33
74;1;M;2362;6,38
75;1;M;2363;6,48
76;1;M;2364;6,58
77;1;M;2365;6,68
78;1;M;2366;6,78
79;1;M;2367;6,88
80;1;M;2368;6,98
81;1;M;2369;7,03
82;1;M;2370;7,08
83;1;M;2371;7,18
84;1;M;2372;7,28
85;1;M;2373;7,38
86;1;M;2374;7,43
87;1;M;2375;7,48
88;1;M;2376;7,53
89;1;M;2377;7,58
90;1;M;2378;7,68
91;1;M;2379;7,78
92;1;M;2380;7,88
93;1;M;2381;7,93
94;1;M;2382;7,98
95;1;M;2383;8,08
96;1;M;2384;8,18
97;1;M;2385;8,28
98;1;M;2386;8,33
99;1;M;2387;8,38
100;1;M;2388;8,48
101;1;M;2389;8,58
102;1;M;2390;8,68
103;1;M;2391;8,73
104;1;M;2392;8,78
105;1;M;2393;8,88
106;1;M;2394;8,98
107;1;M;2395;9,08
108;1;M;2396;9,13
109;1;M;2397;9,18
110;1;M;2398;9,28
111;1;M;2399;9,38
112;1;M;2400;9,48
113;1;M;2401;9,48
114;1;M;2402;9,49
115;1;M;2403;9,49
116;1;M;2404;9,5
117;1;M;2405;9,5
118;1;M;2406;9,51
119;1;M;2407;9,51
120;1;M;2408;9,52
121;1;M;2409;9,52
122;1;M;2410;9,53
123;1;M;2411;9,53
124;1;M;2412;9,53
125;1;M;2413;9,54
126;1;M;2414;9,54
127;1;M;2415;9,54
128;1;M;2416;9,55
129;1;M;2417;9,55
130;1;M;2418;9,55
131;1;M;2419;9,56
132;1;M;2420;9,56
133;1;M;2421;9,56
134;1;M;2422;9,57
135;1;M;2423;9,57
136;1;M;2424;9,57
137;1;M;2425;9,58
138;1;M;2426;9,58
139;1;M;2427;9,59
140;1;M;2428;9,59
141;1;M;2429;9,6
142;1;M;2430;9,6
143;1;M;2431;9,61
144;1;M;2432;9,61
145;1;M;2433;9,62
146;1;M;2434;9,62
147;1;M;2435;9,63
148;1;M;2436;9,63
149;1;M;2437;9,63
150;1;M;2438;9,64
151;1;M;2439;9,64
152;1;M;2440;9,64
153;1;M;2441;9,65
154;1;M;2442;9,65
155;1;M;2443;9,65
156;1;M;2444;9,66
157;1;M;2445;9,66
158;1;M;2446;9,66
159;1;M;2447;9,67
160;1;M;2448;9,67
161;1;M;2449;9,67
162;1;M;2450;9,68
163;1;M;2451;9,68
164;1;M;2452;9,69
165;1;M;2453;9,69
166;1;M;2454;9,7
167;1;M;2455;9,7
168;1;M;2456;9,71
169;1;M;2457;9,71
170;1;M;2458;9,72
171;1;M;2459;9,72
172;1;M;2460;9,73
173;1;M;2461;9,73
174;1;M;2462;9,73
175;1;M;2463;9,74
176;1;M;2464;9,74
177;1;M;2465;9,74
178;1;M;2466;9,75
179;1;M;2467;9,75
180;1;M;2468;9,75
181;1;M;2469;9,76
182;1;M;2470;9,76
183;1;M;2471;9,76
184;1;M;2472;9,77
185;1;M;2473;9,77
186;1;M;2474;9,77
187;1;M;2475;9,78
188;1;M;2476;9,78
189;1;M;2477;9,79
190;1;M;2478;9,79
191;1;M;2479;9,8
192;1;M;2480;9,8
193;1;M;2481;9,81
194;1;M;2482;9,81
195;1;M;2483;9,82
196;1;M;2484;9,82
197;1;M;2485;9,83
198;1;M;2486;9,83
199;1;M;2487;9,83
200;1;M;2488;9,84
201;1;M;2489;9,84
202;1;M;2490;9,84
203;1;M;2491;9,85
204;1;M;2492;9,85
205;1;M;2493;9,85
206;1;M;2494;9,86
207;1;M;2495;9,86
208;1;M;2496;9,86
209;1;M;2497;9,87
210;1;M;2498;9,87
211;1;M;2499;9,87
212;1;M;2500;9,88
213;1;M;2501;9,88
214;1;M;2502;9,89
215;1;M;2503;9,89
216;1;M;2504;9,9
217;1;M;2505;9,9
218;1;M;2506;9,91
219;1;M;2507;9,91
220;1;M;2508;9,92
221;1;M;2509;9,92
222;1;M;2510;9,92
223;1;M;2511;9,93
224;1;M;2512;9,93
225;1;M;2513;9,93
226;1;M;2514;9,94
227;1;M;2515;9,94
228;1;M;2516;9,94
229;1;M;2517;9,95
230;1;M;2518;9,95
231;1;M;2519;9,95
232;1;M;2520;9,96
233;1;M;2521;9,96
234;1;M;2522;9,97
235;1;M;2523;9,97
236;1;M;2524;9,97
237;1;M;2525;9,98
238;1;M;2526;9,98
239;1;M;2527;9,99
240;1;M;2528;9,99
241;1;M;2529;10
242;1;M;2530;10
243;1;M;2531;10,01
244;1;M;2532;10,01
245;1;M;2533;10,02
246;1;M;2534;10,02
247;1;M;2535;10,03
248;1;M;2536;10,03
249;1;M;2537;10,03
250;1;M;2538;10,04
251;1;M;2539;10,04
252;1;M;2540;10,04
253;1;M;2541;10,05
254;1;M;2542;10,05
255;1;M;2543;10,05
256;1;M;2544;10,06
257;1;M;2545;10,06
258;1;M;2546;10,06
259;1;M;2547;10,07
260;1;M;2548;10,07
261;1;M;2549;10,07
262;1;M;2550;10,08
263;1;M;2551;10,08
264;1;M;2552;10,09
265;1;M;2553;10,09
266;1;M;2554;10,1
267;1;M;2555;10,1
268;1;M;2556;10,11
269;1;M;2557;10,11
270;1;M;2558;10,12
271;1;M;2559;10,12
272;1;M;2560;10,13
273;1;M;2561;10,13
274;1;M;2562;10,13
275;1;M;2563;10,14
276;1;M;2564;10,14
277;1;M;2565;10,14
278;1;M;2566;10,15
279;1;M;2567;10,15
280;1;M;2568;10,15
281;1;M;2569;10,16
282;1;M;2570;10,16
283;1;M;2571;10,16
284;1;M;2572;10,17
285;1;M;2573;10,17
286;1;M;2574;10,17
287;1;M;2575;10,18
288;1;M;2576;10,18
289;1;M;2577;10,19
290;1;M;2578;10,19
291;1;M;2579;10,2
292;1;M;2580;10,2
293;1;M;2581;10,21
294;1;M;2582;10,21
295;1;M;2583;10,22
296;1;M;2584;10,22
297;1;M;2585;10,23
298;1;M;2586;10,23
299;1;M;2587;10,23
300;1;M;2588;10,24
301;1;M;2589;10,24
302;1;M;2590;10,24
303;1;M;2591;10,25
304;1;M;2592;10,25
305;1;M;2593;10,25
306;1;M;2594;10,26
307;1;M;2595;10,26
308;1;M;2596;10,26
309;1;M;2597;10,27
310;1;M;2598;10,27
311;1;M;2599;10,27
312;1;M;2600;10,28
313;1;M;2601;10,28
314;1;M;2602;10,29
315;1;M;2603;10,29
316;1;M;2604;10,3
317;1;M;2605;10,3
318;1;M;2606;10,31
319;1;M;2607;10,31
320;1;M;2608;10,32
321;1;M;2609;10,32
322;1;M;2610;10,33
323;1;M;2611;10,33
324;1;M;2612;10,33
325;1;M;2613;10,34
326;1;M;2614;10,34
327;1;M;2615;10,34
328;1;M;2616;10,36
329;1;M;2617;10,35
330;1;M;2618;10,35
331;1;M;2619;10,36
332;1;M;2620;10,36
333;1;M;2621;10,36
334;1;M;2622;10,37
335;1;M;2623;10,37
336;1;M;2624;10,37
337;1;M;2625;10,38
338;1;M;2626;10,38
339;1;M;2627;10,39
340;1;M;2628;10,39
341;1;M;2629;10,4
342;1;M;2630;10,41
343;1;M;2631;10,41
344;1;M;2632;10,41
345;1;M;2633;10,42
346;1;M;2634;10,42
347;1;M;2635;10,43
348;1;M;2636;10,43
349;1;M;2637;10,44
350;1;M;2638;10,44
351;1;M;2639;10,44
352;1;M;2640;10,45
353;1;M;2641;10,45
354;1;M;2642;10,45
355;1;M;2643;10,46
356;1;M;2644;10,46
357;1;M;2645;10,46
358;1;M;2646;10,46
359;1;M;2647;10,47
360;1;M;2648;10,47
361;1;M;2649;10,47
362;1;M;2650;10,48
363;1;M;2651;10,48
364;1;M;2652;10,49
365;1;M;2653;10,49
366;1;M;2654;10,5
367;1;M;2655;10,5
368;1;M;2656;10,51
369;1;M;2657;10,51
370;1;M;2658;10,52
371;1;M;2659;10,52
372;1;M;2660;10,53
373;1;M;2661;10,53
374;1;M;2662;10,53
375;1;M;2663;10,54
376;1;M;2664;10,54
377;1;M;2665;10,54
378;1;M;2666;10,55
379;1;M;2667;10,55
380;1;M;2668;10,55
381;1;M;2669;10,56
382;1;M;2670;10,56
383;1;M;2671;10,56
384;1;M;2672;10,57
385;1;M;2673;10,57
386;1;M;2674;10,57
387;1;M;2675;10,58
388;1;M;2676;10,58
389;1;M;2677;10,58
390;1;M;2678;10,59
391;1;M;2679;10,59
392;1;M;2680;10,59
393;1;M;2681;10,6
394;1;M;2682;10,6
395;1;M;2683;10,6
396;1;M;2684;10,61
397;1;M;2685;10,61
398;1;M;2686;10,62
399;1;M;2687;10,62
400;1;M;2688;10,63
401;1;M;2689;10,63
402;1;M;2690;10,64
403;1;M;2691;10,64
404;1;M;2692;10,65
405;1;M;2693;10,65
406;1;M;2694;10,66
407;1;M;2695;10,66
408;1;M;2696;10,66
409;1;M;2697;10,67
410;1;M;2698;10,67
411;1;M;2699;10,67
412;1;M;2700;10,68
413;1;M;2701;10,68
414;1;M;2702;10,69
415;1;M;2703;10,69
416;1;M;2704;10,7
417;1;M;2705;10,7
418;1;M;2706;10,71
419;1;M;2707;10,71
420;1;M;2708;10,72
421;1;M;2709;10,72
422;1;M;2710;10,73
423;1;M;2711;10,74
424;1;M;2712;10,75
425;1;M;2713;10,76
426;1;M;2714;10,77
427;1;M;2715;10,78
428;1;M;2716;10,78
429;1;M;2717;10,79
430;1;M;2718;10,79
431;1;M;2719;10,8
432;1;M;2720;10,8
433;1;M;2721;10,81
434;1;M;2722;10,81
435;1;M;2723;10,82
436;1;M;2724;10,82
437;1;M;2725;10,83
438;1;M;2726;10,84
439;1;M;2727;10,85
440;1;M;2728;10,86
441;1;M;2729;10,87
442;1;M;2730;10,88
443;1;M;2731;10,88
444;1;M;2732;10,89
445;1;M;2733;10,89
446;1;M;2734;10,9
447;1;M;2735;10,9
448;1;M;2736;10,91
449;1;M;2737;10,91
450;1;M;2738;10,92
451;1;M;2739;10,92
452;1;M;2740;10,93
453;1;M;2741;10,94
454;1;M;2742;10,95
455;1;M;2743;10,96
456;1;M;2744;10,97
457;1;M;2745;10,98
458;1;M;2746;10,98
459;1;M;2747;10,99
460;1;M;2748;10,99
461;1;M;2749;11
462;1;M;2750;11
463;1;M;2751;11,01
464;1;M;2752;11,01
465;1;M;2753;11,02
466;1;M;2754;11,02
467;1;M;2755;11,03
468;1;M;2756;11,04
469;1;M;2757;11,05
470;1;M;2758;11,06
471;1;M;2759;11,07
472;1;M;2760;11,08
473;1;M;2761;11,08
474;1;M;2762;11,09
475;1;M;2763;11,09
476;1;M;2764;11,1
477;1;M;2765;11,1
478;1;M;2766;11,11
479;1;M;2767;11,11
480;1;M;2768;11,12
481;1;M;2769;11,12
482;1;M;2770;11,13
483;1;M;2771;11,14
484;1;M;2772;11,15
485;1;M;2773;11,16
486;1;M;2774;11,17
487;1;M;2775;11,18
488;1;M;2776;11,18
489;1;M;2777;11,19
490;1;M;2778;11,19
491;1;M;2779;11,2
492;1;M;2780;11,2
493;1;M;2781;11,21
494;1;M;2782;11,21
495;1;M;2783;11,22
496;1;M;2784;11,23
497;1;M;2785;11,24
498;1;M;2786;11,25
499;1;M;2787;11,26
500;1;M;2788;11,27
501;1;M;2789;11,28
502;1;M;2790;11,28
503;1;M;2791;11,29
504;1;M;2792;11,29
505;1;M;2793;11,3
506;1;M;2794;11,3
507;1;M;2795;11,31
508;1;M;2796;11,32
509;1;M;2797;11,33
510;1;M;2798;11,34
511;1;M;2799;11,35
512;1;M;2800;11,36
513;1;M;2801;11,37
514;1;M;2802;11,38
515;1;M;2803;11,38
516;1;M;2804;11,39
517;1;M;2805;11,39
518;1;M;2806;11,4
519;1;M;2807;11,4
520;1;M;2808;11,41
521;1;M;2809;11,42
522;1;M;2810;11,43
523;1;M;2811;11,44
524;1;M;2812;11,45
525;1;M;2813;11,46
526;1;M;2814;11,47
527;1;M;2815;11,48
528;1;M;2816;11,48
529;1;M;2817;11,49
530;1;M;2818;11,49
531;1;M;2819;11,5
532;1;M;2820;11,5
533;1;M;2821;11,51
534;1;M;2822;11,51
535;1;M;2823;11,52
536;1;M;2824;11,52
537;1;M;2825;11,53
538;1;M;2826;11,54
539;1;M;2827;11,55
540;1;M;2828;11,56
541;1;M;2829;11,57
542;1;M;2830;11,58
543;1;M;2831;11,58
544;1;M;2832;11,59
545;1;M;2833;11,59
546;1;M;2834;11,6
547;1;M;2835;11,6
548;1;M;2836;11,61
549;1;M;2837;11,61
550;1;M;2838;11,62
551;1;M;2839;11,63
552;1;M;2840;11,64
553;1;M;2841;11,65
554;1;M;2842;11,66
555;1;M;2843;11,67
556;1;M;2844;11,68
557;1;M;2845;11,68
558;1;M;2846;11,69
559;1;M;2847;11,7
560;1;M;2848;11,71
561;1;M;2849;11,72
562;1;M;2850;11,73
563;1;M;2851;11,74
564;1;M;2852;11,75
565;1;M;2853;11,76
566;1;M;2854;11,77
567;1;M;2855;11,78
568;1;M;2856;11,78
569;1;M;2857;11,79
570;1;M;2858;11,79
571;1;M;2859;11,8
572;1;M;2860;11,8
573;1;M;2861;11,81
574;1;M;2862;11,81
575;1;M;2863;11,82
576;1;M;2864;11,83
577;1;M;2865;11,84
578;1;M;2866;11,85
579;1;M;2867;11,86
580;1;M;2868;11,87
581;1;M;2869;11,88
582;1;M;2870;11,88
583;1;M;2871;11,89
584;1;M;2872;11,9
585;1;M;2873;11,91
586;1;M;2874;11,92
587;1;M;2875;11,93
588;1;M;2876;11,94
589;1;M;2877;11,95
590;1;M;2878;11,96
591;1;M;2879;11,97
592;1;M;2880;11,98
593;1;M;2881;11,98
594;1;M;2882;11,99
595;1;M;2883;11,99
596;1;M;2884;12
597;1;M;2885;12
598;1;M;2886;12,01
599;1;M;2887;12,01
600;1;M;2888;12,02
601;1;M;2889;12,03
602;1;M;2890;12,04
603;1;M;2891;12,05
604;1;M;2892;12,06
605;1;M;2893;12,07
606;1;M;2894;12,08
607;1;M;2895;12,08
608;1;M;2896;12,09
609;1;M;2897;12,1
610;1;M;2898;12,11
611;1;M;2899;12,12
612;1;M;2900;12,13
613;1;M;2901;12,14
614;1;M;2902;12,15
615;1;M;2903;12,16
616;1;M;2904;12,17
617;1;M;2905;12,18
618;1;M;2906;12,18
619;1;M;2907;12,19
620;1;M;2908;12,19
621;1;M;2909;12,2
622;1;M;2910;12,2
623;1;M;2911;12,21
624;1;M;2912;12,21
625;1;M;2913;12,22
626;1;M;2914;12,23
627;1;M;2915;12,24
628;1;M;2916;12,25
629;1;M;2917;12,26
630;1;M;2918;12,27
631;1;M;2919;12,28
632;1;M;2920;12,28
633;1;M;2921;12,29
634;1;M;2922;12,3
635;1;M;2923;12,31
636;1;M;2924;12,32
637;1;M;2925;12,33
638;1;M;2926;12,34
639;1;M;2927;12,35
640;1;M;2928;12,36
641;1;M;2929;12,37
642;1;M;2930;12,38
643;1;M;2931;12,38
644;1;M;2932;12,39
645;1;M;2933;12,39
646;1;M;2934;12,4
647;1;M;2935;12,4
648;1;M;2936;12,41
649;1;M;2937;12,41
650;1;M;2938;12,42
651;1;M;2939;12,43
652;1;M;2940;12,44
653;1;M;2941;12,45
654;1;M;2942;12,46
655;1;M;2943;12,47
656;1;M;2944;12,48
657;1;M;2945;12,48
658;1;M;2946;12,49
659;1;M;2947;12,5
660;1;M;2948;12,51
661;1;M;2949;12,52
662;1;M;2950;12,53
663;1;M;2951;12,54
664;1;M;2952;12,55
665;1;M;2953;12,56
666;1;M;2954;12,57
667;1;M;2955;12,58
668;1;M;2956;12,58
669;1;M;2957;12,59
670;1;M;2958;12,59
671;1;M;2959;12,6
672;1;M;2960;12,6
673;1;M;2961;12,61
674;1;M;2962;12,61
675;1;M;2963;12,62
676;1;M;2964;12,63
677;1;M;2965;12,64
678;1;M;2966;12,65
679;1;M;2967;12,66
680;1;M;2968;12,67
681;1;M;2969;12,68
682;1;M;2970;12,68
683;1;M;2971;12,69
684;1;M;2972;12,7
685;1;M;2973;12,71
686;1;M;2974;12,72
687;1;M;2975;12,73
688;1;M;2976;12,74
689;1;M;2977;12,75
690;1;M;2978;12,76
691;1;M;2979;12,77
692;1;M;2980;12,78
693;1;M;2981;12,79
694;1;M;2982;12,8
695;1;M;2983;12,81
696;1;M;2984;12,82
697;1;M;2985;12,83
698;1;M;2986;12,84
699;1;M;2987;12,85
700;1;M;2988;12,86
701;1;M;2989;12,87
702;1;M;2990;12,88
703;1;M;2991;12,88
704;1;M;2992;12,89
705;1;M;2993;12,89
706;1;M;2994;12,9
707;1;M;2995;12,91
708;1;M;2996;12,92
709;1;M;2997;12,93
710;1;M;2998;12,94
711;1;M;2999;12,95
712;1;M;3000;12,96
713;1;M;3001;12,97
714;1;M;3002;12,98
715;1;M;3003;12,98
716;1;M;3004;12,99
717;1;M;3005;12,99
718;1;M;3006;13
719;1;M;3007;13
720;1;M;3008;13,01
721;1;M;3009;13,02
722;1;M;3010;13,03
723;1;M;3011;13,04
724;1;M;3012;13,05
725;1;M;3013;13,06
726;1;M;3014;13,07
727;1;M;3015;13,08
728;1;M;3016;13,08
729;1;M;3017;13,09
730;1;M;3018;13,1
731;1;M;3019;13,11
732;1;M;3020;13,12
733;1;M;3021;13,13
734;1;M;3022;13,14
735;1;M;3023;13,15
736;1;M;3024;13,16
737;1;M;3025;13,17
738;1;M;3026;13,18
739;1;M;3027;13,18
740;1;M;3028;13,19
741;1;M;3029;13,2
742;1;M;3030;13,21
743;1;M;3031;13,22
744;1;M;3032;13,23
745;1;M;3033;13,24
746;1;M;3034;13,25
747;1;M;3035;13,26
748;1;M;3036;13,27
749;1;M;3037;13,28
750;1;M;3038;13,28
751;1;M;3039;13,29
752;1;M;3040;13,3
753;1;M;3041;13,31
754;1;M;3042;13,32
755;1;M;3043;13,33
756;1;M;3044;13,34
757;1;M;3045;13,35
758;1;M;3046;13,36
759;1;M;3047;13,37
760;1;M;3048;13,38
761;1;M;3049;13,38
762;1;M;3050;13,39
763;1;M;3051;13,4
764;1;M;3052;13,41
765;1;M;3053;13,42
766;1;M;3054;13,43
767;1;M;3055;13,44
768;1;M;3056;13,45
769;1;M;3057;13,46
770;1;M;3058;13,47
771;1;M;3059;13,48
772;1;M;3060;13,48
773;1;M;3061;13,49
774;1;M;3062;13,5
775;1;M;3063;13,51
776;1;M;3064;13,52
777;1;M;3065;13,53
778;1;M;3066;13,54
779;1;M;3067;13,55
780;1;M;3068;13,56
781;1;M;3069;13,57
782;1;M;3070;13,58
783;1;M;3071;13,59
784;1;M;3072;13,6
785;1;M;3073;13,61
786;1;M;3074;13,62
787;1;M;3075;13,63
788;1;M;3076;13,64
789;1;M;3077;13,65
790;1;M;3078;13,66
791;1;M;3079;13,67
792;1;M;3080;13,68
793;1;M;3081;13,69
794;1;M;3082;13,7
795;1;M;3083;13,71
796;1;M;3084;13,72
797;1;M;3085;13,73
798;1;M;3086;13,74
799;1;M;3087;13,75
800;1;M;3088;13,76
801;1;M;3089;13,77
802;1;M;3090;13,78
803;1;M;3091;13,79
804;1;M;3092;13,8
805;1;M;3093;13,81
806;1;M;3094;13,82
807;1;M;3095;13,83
808;1;M;3096;13,84
809;1;M;3097;13,85
810;1;M;3098;13,86
811;1;M;3099;13,87
812;1;M;3100;13,88
813;1;M;3101;13,89
814;1;M;3102;13,9
815;1;M;3103;13,91
816;1;M;3104;13,92
817;1;M;3105;13,93
818;1;M;3106;13,94
819;1;M;3107;13,95
820;1;M;3108;13,96
821;1;M;3109;13,97
822;1;M;3110;13,98
823;1;M;3111;13,99
824;1;M;3112;14
825;1;M;3113;14,01
826;1;M;3114;14,02
827;1;M;3115;14,03
828;1;M;3116;14,04
829;1;M;3117;14,05
830;1;M;3118;14,06
831;1;M;3119;14,07
832;1;M;3120;14,08
833;1;M;3121;14,09
834;1;M;3122;14,1
835;1;M;3123;14,11
836;1;M;3124;14,12
837;1;M;3125;14,13
838;1;M;3126;14,14
839;1;M;3127;14,15
840;1;M;3128;14,16
841;1;M;3129;14,17
842;1;M;3130;14,18
843;1;M;3131;14,19
844;1;M;3132;14,2
845;1;M;3133;14,21
846;1;M;3134;14,22
847;1;M;3135;14,23
848;1;M;3136;14,24
849;1;M;3137;14,25
850;1;M;3138;14,26
851;1;M;3139;14,27
852;1;M;3140;14,28
853;1;M;3141;14,29
854;1;M;3142;14,3
855;1;M;3143;14,31
856;1;M;3144;14,32
857;1;M;3145;14,33
858;1;M;3146;14,34
859;1;M;3147;14,35
860;1;M;3148;14,36
861;1;M;3149;14,37
862;1;M;3150;14,38
863;1;M;3151;14,39
864;1;M;3152;14,4
865;1;M;3153;14,41
866;1;M;3154;14,42
867;1;M;3155;14,43
868;1;M;3156;14,44
869;1;M;3157;14,45
870;1;M;3158;14,46
871;1;M;3159;14,47
872;1;M;3160;14,48
873;1;M;3161;14,49
874;1;M;3162;14,5
875;1;M;3163;14,51
876;1;M;3164;14,52
877;1;M;3165;14,53
878;1;M;3166;14,54
879;1;M;3167;14,55
880;1;M;3168;14,56
881;1;M;3169;14,57
882;1;M;3170;14,58
883;1;M;3171;14,59
884;1;M;3172;14,6
885;1;M;3173;14,61
886;1;M;3174;14,62
887;1;M;3175;14,63
888;1;M;3176;14,64
889;1;M;3177;14,65
890;1;M;3178;14,66
891;1;M;3179;14,67
892;1;M;3180;14,68
893;1;M;3181;14,69
894;1;M;3182;14,7
895;1;M;3183;14,71
896;1;M;3184;14,72
897;1;M;3185;14,73
898;1;M;3186;14,74
899;1;M;3187;14,75
900;1;M;3188;14,76
901;1;M;3189;14,78
902;1;M;3190;14,79
903;1;M;3191;14,8
904;1;M;3192;14,81
905;1;M;3193;14,82
906;1;M;3194;14,83
907;1;M;3195;14,84
908;1;M;3196;14,86
909;1;M;3197;14,88
910;1;M;3198;14,89
911;1;M;3199;14,9
912;1;M;3200;14,91
913;1;M;3201;14,92
914;1;M;3202;14,93
915;1;M;3203;14,94
916;1;M;3204;14,95
917;1;M;3205;14,96
918;1;M;3206;14,97
919;1;M;3207;14,98
920;1;M;3208;14,99
921;1;M;3209;15
922;1;M;3210;15,01
923;1;M;3211;15,02
924;1;M;3212;15,03
925;1;M;3213;15,04
926;1;M;3214;15,06
927;1;M;3215;15,08
928;1;M;3216;15,09
929;1;M;3217;15,1
930;1;M;3218;15,11
931;1;M;3219;15,12
932;1;M;3220;15,13
933;1;M;3221;15,14
934;1;M;3222;15,15
935;1;M;3223;15,16
936;1;M;3224;15,18
937;1;M;3225;15,19
938;1;M;3226;15,2
939;1;M;3227;15,21
940;1;M;3228;15,22
941;1;M;3229;15,23
942;1;M;3230;15,24
943;1;M;3231;15,25
944;1;M;3232;15,26
945;1;M;3233;15,27
946;1;M;3234;15,28
947;1;M;3235;15,29
948;1;M;3236;15,3
949;1;M;3237;15,31
950;1;M;3238;15,32
951;1;M;3239;15,33
952;1;M;3240;15,34
953;1;M;3241;15,35
954;1;M;3242;15,36
955;1;M;3243;15,37
956;1;M;3244;15,38
957;1;M;3245;15,39
958;1;M;3246;15,4
959;1;M;3247;15,41
960;1;M;3248;15,42
961;1;M;3249;15,43
962;1;M;3250;15,44
963;1;M;3251;15,46
964;1;M;3252;15,48
965;1;M;3253;15,49
966;1;M;3254;15,5
967;1;M;3255;15,51
968;1;M;3256;15,52
969;1;M;3257;15,53
970;1;M;3258;15,54
971;1;M;3259;15,56
972;1;M;3260;15,58
973;1;M;3261;15,59
974;1;M;3262;15,6
975;1;M;3263;15,61
976;1;M;3264;15,62
977;1;M;3265;15,63
978;1;M;3266;15,64
979;1;M;3267;15,65
980;1;M;3268;15,66
981;1;M;3269;15,67
982;1;M;3270;15,68
983;1;M;3271;15,69
984;1;M;3272;15,7
985;1;M;3273;15,71
986;1;M;3274;15,72
987;1;M;3275;15,73
988;1;M;3276;15,74
989;1;M;3277;15,75
990;1;M;3278;15,76
991;1;M;3279;15,78
992;1;M;3280;15,79
993;1;M;3281;15,8
994;1;M;3282;15,82
995;1;M;3283;15,84
996;1;M;3284;15,86
997;1;M;3285;15,88
998;1;M;3286;15,89
999;1;M;3287;15,9
1000;1;M;3288;15,91
1001;1;M;3289;15,92
1002;1;M;3290;15,93
1003;1;M;3291;15,94
1004;1;M;3292;15,95
1005;1;M;3293;15,96
1006;1;M;3294;15,97
1007;1;M;3295;15,98
1008;1;M;3296;15,99
1009;1;M;3297;16
1010;1;M;3298;16,01
1011;1;M;3299;16,02
1012;1;M;3300;16,03
1013;1;M;3301;16,04
1014;1;M;3302;16,05
1015;1;M;3303;16,06
1016;1;M;3304;16,08
1017;1;M;3305;16,09
1018;1;M;3306;16,1
1019;1;M;3307;16,12
1020;1;M;3308;16,14
1021;1;M;3309;16,16
1022;1;M;3310;16,18
1023;1;M;3311;16,19
1024;1;M;3312;16,2
1025;1;M;3313;16,21
1026;1;M;3314;16,22
1027;1;M;3315;16,23
1028;1;M;3316;16,24
1029;1;M;3317;16,25
1030;1;M;3318;16,26
1031;1;M;3319;16,27
1032;1;M;3320;16,28
1033;1;M;3321;16,29
1034;1;M;3322;16,3
1035;1;M;3323;16,31
1036;1;M;3324;16,32
1037;1;M;3325;16,33
1038;1;M;3326;16,34
1039;1;M;3327;16,35
1040;1;M;3328;16,36
1041;1;M;3329;16,38
1042;1;M;3330;16,39
1043;1;M;3331;16,4
1044;1;M;3332;16,42
1045;1;M;3333;16,44
1046;1;M;3334;16,46
1047;1;M;3335;16,48
1048;1;M;3336;16,49
1049;1;M;3337;16,5
1050;1;M;3338;16,51
1051;1;M;3339;16,52
1052;1;M;3340;16,53
1053;1;M;3341;16,54
1054;1;M;3342;16,55
1055;1;M;3343;16,56
1056;1;M;3344;16,57
1057;1;M;3345;16,58
1058;1;M;3346;16,6
1059;1;M;3347;16,62
1060;1;M;3348;16,64
1061;1;M;3349;16,66
1062;1;M;3350;16,68
1063;1;M;3351;16,69
1064;1;M;3352;16,7
1065;1;M;3353;16,71
1066;1;M;3354;16,72
1067;1;M;3355;16,73
1068;1;M;3356;16,74
1069;1;M;3357;16,75
1070;1;M;3358;16,76
1071;1;M;3359;16,77
1072;1;M;3360;16,78
1073;1;M;3361;16,79
1074;1;M;3362;16,8
1075;1;M;3363;16,81
1076;1;M;3364;16,82
1077;1;M;3365;16,84
1078;1;M;3366;16,86
1079;1;M;3367;16,88
1080;1;M;3368;16,89
1081;1;M;3369;16,9
1082;1;M;3370;16,91
1083;1;M;3371;16,92
1084;1;M;3372;16,93
1085;1;M;3373;16,94
1086;1;M;3374;16,96
1087;1;M;3375;16,98
1088;1;M;3376;16,99
1089;1;M;3377;17
1090;1;M;3378;17,01
1091;1;M;3379;17,02
1092;1;M;3380;17,04
1093;1;M;3381;17,06
1094;1;M;3382;17,08
1095;1;M;3383;17,09
1096;1;M;3384;17,1
1097;1;M;3385;17,11
1098;1;M;3386;17,12
1099;1;M;3387;17,13
1100;1;M;3388;17,14
1101;1;M;3389;17,16
1102;1;M;3390;17,18
1103;1;M;3391;17,19
1104;1;M;3392;17,2
1105;1;M;3393;17,21
1106;1;M;3394;17,22
1107;1;M;3395;17,24
1108;1;M;3396;17,26
1109;1;M;3397;17,28
1110;1;M;3398;17,29
1111;1;M;3399;17,3
1112;1;M;3400;17,31
1113;1;M;3401;17,32
1114;1;M;3402;17,33
1115;1;M;3403;17,34
1116;1;M;3404;17,36
1117;1;M;3405;17,38
1118;1;M;3406;17,4
1119;1;M;3407;17,42
1120;1;M;3408;17,44
1121;1;M;3409;17,46
1122;1;M;3410;17,48
1123;1;M;3411;17,49
1124;1;M;3412;17,5
1125;1;M;3413;17,51
1126;1;M;3414;17,52
1127;1;M;3415;17,53
1128;1;M;3416;17,54
1129;1;M;3417;17,55
1130;1;M;3418;17,56
1131;1;M;3419;17,57
1132;1;M;3420;17,58
1133;1;M;3421;17,6
1134;1;M;3422;17,62
1135;1;M;3423;17,64
1136;1;M;3424;17,66
1137;1;M;3425;17,68
1138;1;M;3426;17,69
1139;1;M;3427;17,7
1140;1;M;3428;17,71
1141;1;M;3429;17,72
1142;1;M;3430;17,73
1143;1;M;3431;17,74
1144;1;M;3432;17,75
1145;1;M;3433;17,76
1146;1;M;3434;17,78
1147;1;M;3435;17,79
1148;1;M;3436;17,8
1149;1;M;3437;17,82
1150;1;M;3438;17,84
1151;1;M;3439;17,86
1152;1;M;3440;17,88
1153;1;M;3441;17,89
1154;1;M;3442;17,9
1155;1;M;3443;17,92
1156;1;M;3444;17,94
1157;1;M;3445;17,96
1158;1;M;3446;17,98
1159;1;M;3447;17,99
1160;1;M;3448;18
1161;1;M;3449;18,01
1162;1;M;3450;18,02
1163;1;M;3451;18,03
1164;1;M;3452;18,04
1165;1;M;3453;18,05
1166;1;M;3454;18,06
1167;1;M;3455;18,08
1168;1;M;3456;18,1
1169;1;M;3457;18,12
1170;1;M;3458;18,14
1171;1;M;3459;18,16
1172;1;M;3460;18,18
1173;1;M;3461;18,19
1174;1;M;3462;18,2
1175;1;M;3463;18,21
1176;1;M;3464;18,22
1177;1;M;3465;18,23
1178;1;M;3466;18,24
1179;1;M;3467;18,26
1180;1;M;3468;18,28
1181;1;M;3469;18,29
1182;1;M;3470;18,3
1183;1;M;3471;18,31
1184;1;M;3472;18,32
1185;1;M;3473;18,34
1186;1;M;3474;18,36
1187;1;M;3475;18,38
1188;1;M;3476;18,4
1189;1;M;3477;18,42
1190;1;M;3478;18,44
1191;1;M;3479;18,46
1192;1;M;3480;18,48
1193;1;M;3481;18,49
1194;1;M;3482;18,5
1195;1;M;3483;18,51
1196;1;M;3484;18,52
1197;1;M;3485;18,53
1198;1;M;3486;18,54
1199;1;M;3487;18,55
1200;1;M;3488;18,56
1201;1;M;3489;18,57
1202;1;M;3490;18,58
1203;1;M;3491;18,6
1204;1;M;3492;18,62
1205;1;M;3493;18,64
1206;1;M;3494;18,66
1207;1;M;3495;18,68
1208;1;M;3496;18,7
1209;1;M;3497;18,72
1210;1;M;3498;18,74
1211;1;M;3499;18,76
1212;1;M;3500;18,78
1213;1;M;3501;18,79
1214;1;M;3502;18,8
1215;1;M;3503;18,81
1216;1;M;3504;18,82
1217;1;M;3505;18,83
1218;1;M;3506;18,84
1219;1;M;3507;18,85
1220;1;M;3508;18,86
1221;1;M;3509;18,87
1222;1;M;3510;18,88
1223;1;M;3511;18,9
1224;1;M;3512;18,92
1225;1;M;3513;18,94
1226;1;M;3514;18,96
1227;1;M;3515;18,98
1228;1;M;3516;19
1229;1;M;3517;19,02
1230;1;M;3518;19,04
1231;1;M;3519;19,06
1232;1;M;3520;19,08
1233;1;M;3521;19,09
1234;1;M;3522;19,1
1235;1;M;3523;19,11
1236;1;M;3524;19,12
1237;1;M;3525;19,13
1238;1;M;3526;19,14
1239;1;M;3527;19,16
1240;1;M;3528;19,18
1241;1;M;3529;19,19
1242;1;M;3530;19,2
1243;1;M;3531;19,21
1244;1;M;3532;19,22
1245;1;M;3533;19,24
1246;1;M;3534;19,26
1247;1;M;3535;19,28
1248;1;M;3536;19,3
1249;1;M;3537;19,32
1250;1;M;3538;19,34
1251;1;M;3539;19,36
1252;1;M;3540;19,38
1253;1;M;3541;19,4
1254;1;M;3542;19,42
1255;1;M;3543;19,44
1256;1;M;3544;19,46
1257;1;M;3545;19,48
1258;1;M;3546;19,5
1259;1;M;3547;19,52
1260;1;M;3548;19,53
1261;1;M;3549;19,54
1262;1;M;3550;19,55
1263;1;M;3551;19,56
1264;1;M;3552;19,57
1265;1;M;3553;19,58
1266;1;M;3554;19,59
1267;1;M;3555;19,6
1268;1;M;3556;19,61
1269;1;M;3557;19,62
1270;1;M;3558;19,64
1271;1;M;3559;19,66
1272;1;M;3560;19,68
1273;1;M;3561;19,7
1274;1;M;3562;19,72
1275;1;M;3563;19,74
1276;1;M;3564;19,76
1277;1;M;3565;19,78
1278;1;M;3566;19,8
1279;1;M;3567;19,82
1280;1;M;3568;19,84
1281;1;M;3569;19,86
1282;1;M;3570;19,88
1283;1;M;3571;19,89
1284;1;M;3572;19,9
1285;1;M;3573;19,92
1286;1;M;3574;19,94
1287;1;M;3575;19,96
1288;1;M;3576;19,98
1289;1;M;3577;20
1290;1;F;2119;0
1291;1;F;2120;1,18
1292;1;F;2121;1,23
1293;1;F;2122;1,28
1294;1;F;2123;1,33
1295;1;F;2124;1,38
1296;1;F;2125;1,43
1297;1;F;2126;1,48
1298;1;F;2127;1,53
1299;1;F;2128;1,58
1300;1;F;2129;1,63
1301;1;F;2130;1,68
1302;1;F;2131;1,73
1303;1;F;2132;1,78
1304;1;F;2133;1,83
1305;1;F;2134;1,88
1306;1;F;2135;1,93
1307;1;F;2136;1,98
1308;1;F;2137;2,03
1309;1;F;2138;2,08
1310;1;F;2139;2,13
1311;1;F;2140;2,18
1312;1;F;2141;2,23
1313;1;F;2142;2,28
1314;1;F;2143;2,33
1315;1;F;2144;2,38
1316;1;F;2145;2,43
1317;1;F;2146;2,48
1318;1;F;2147;2,53
1319;1;F;2148;2,58
1320;1;F;2149;2,63
1321;1;F;2150;2,68
1322;1;F;2151;2,73
1323;1;F;2152;2,78
1324;1;F;2153;2,83
1325;1;F;2154;2,88
1326;1;F;2155;2,93
1327;1;F;2156;2,98
1328;1;F;2157;3,04
1329;1;F;2158;3,08
1330;1;F;2159;3,13
1331;1;F;2160;3,18
1332;1;F;2161;3,23
1333;1;F;2162;3,28
1334;1;F;2163;3,33
1335;1;F;2164;3,47
1336;1;F;2165;3,43
1337;1;F;2166;3,48
1338;1;F;2167;3,53
1339;1;F;2168;3,58
1340;1;F;2169;3,63
1341;1;F;2170;3,68
1342;1;F;2171;3,73
1343;1;F;2172;3,78
1344;1;F;2173;3,83
1345;1;F;2174;3,88
1346;1;F;2175;3,93
1347;1;F;2176;3,98
1348;1;F;2177;4,03
1349;1;F;2178;4,08
1350;1;F;2179;4,13
1351;1;F;2180;4,18
1352;1;F;2181;4,18
1353;1;F;2182;4,23
1354;1;F;2183;4,28
1355;1;F;2184;4,33
1356;1;F;2185;4,38
1357;1;F;2186;4,43
1358;1;F;2187;4,48
1359;1;F;2188;4,53
1360;1;F;2189;4,58
1361;1;F;2190;4,63
1362;1;F;2191;4,68
1363;1;F;2192;4,73
1364;1;F;2193;4,78
1365;1;F;2194;4,83
1366;1;F;2195;4,88
1367;1;F;2196;4,93
1368;1;F;2197;4,98
1369;1;F;2198;5,03
1370;1;F;2199;5,08
1371;1;F;2200;5,13
1372;1;F;2201;5,18
1373;1;F;2202;5,23
1374;1;F;2203;5,28
1375;1;F;2204;5,33
1376;1;F;2205;5,38
1377;1;F;2206;5,43
1378;1;F;2207;5,48
1379;1;F;2208;5,53
1380;1;F;2209;5,58
1381;1;F;2210;5,63
1382;1;F;2211;5,68
1383;1;F;2212;5,73
1384;1;F;2213;5,78
1385;1;F;2214;5,83
1386;1;F;2215;5,88
1387;1;F;2216;5,93
1388;1;F;2217;5,98
1389;1;F;2218;6,03
1390;1;F;2219;6,08
1391;1;F;2220;6,13
1392;1;F;2221;6,18
1393;1;F;2222;6,23
1394;1;F;2223;6,28
1395;1;F;2224;6,33
1396;1;F;2225;6,38
1397;1;F;2226;6,43
1398;1;F;2227;6,48
1399;1;F;2228;6,53
1400;1;F;2229;6,58
1401;1;F;2230;6,63
1402;1;F;2231;6,68
1403;1;F;2232;6,73
1404;1;F;2233;6,78
1405;1;F;2234;6,83
1406;1;F;2235;6,88
1407;1;F;2236;6,93
1408;1;F;2237;6,98
1409;1;F;2238;7,03
1410;1;F;2239;7,08
1411;1;F;2240;7,13
1412;1;F;2241;7,18
1413;1;F;2242;7,23
1414;1;F;2243;7,28
1415;1;F;2244;7,33
1416;1;F;2245;7,38
1417;1;F;2246;7,43
1418;1;F;2247;7,48
1419;1;F;2248;7,53
1420;1;F;2249;7,58
1421;1;F;2250;7,63
1422;1;F;2251;7,68
1423;1;F;2252;7,73
1424;1;F;2253;7,78
1425;1;F;2254;7,83
1426;1;F;2255;7,88
1427;1;F;2256;7,93
1428;1;F;2257;7,98
1429;1;F;2258;8,03
1430;1;F;2259;8,08
1431;1;F;2260;8,13
1432;1;F;2261;8,18
1433;1;F;2262;8,23
1434;1;F;2263;8,28
1435;1;F;2264;8,33
1436;1;F;2265;8,38
1437;1;F;2266;8,43
1438;1;F;2267;8,48
1439;1;F;2268;8,53
1440;1;F;2269;8,58
1441;1;F;2270;8,63
1442;1;F;2271;8,68
1443;1;F;2272;8,73
1444;1;F;2273;8,78
1445;1;F;2274;8,83
1446;1;F;2275;8,88
1447;1;F;2276;8,93
1448;1;F;2277;8,98
1449;1;F;2278;9,03
1450;1;F;2279;9,08
1451;1;F;2280;9,13
1452;1;F;2281;9,18
1453;1;F;2282;9,23
1454;1;F;2283;9,28
1455;1;F;2284;9,33
1456;1;F;2285;9,38
1457;1;F;2286;9,43
1458;1;F;2287;9,48
1459;1;F;2288;9,53
1460;1;F;2289;9,58
1461;1;F;2290;9,63
1462;1;F;2291;9,68
1463;1;F;2292;9,73
1464;1;F;2293;9,78
1465;1;F;2294;9,83
1466;1;F;2295;9,88
1467;1;F;2296;9,93
1468;1;F;2297;9,98
1469;1;F;2298;10,03
1470;1;F;2299;10,08
1471;1;F;2300;10,13
1472;1;F;2301;10,18
1473;1;F;2302;10,19
1474;1;F;2303;10,19
1475;1;F;2304;10,2
1476;1;F;2305;10,21
1477;1;F;2306;10,22
1478;1;F;2307;10,23
1479;1;F;2308;10,24
1480;1;F;2309;10,25
1481;1;F;2310;10,26
1482;1;F;2311;10,27
1483;1;F;2312;10,28
1484;1;F;2313;10,28
1485;1;F;2314;10,29
1486;1;F;2315;10,29
1487;1;F;2316;10,3
1488;1;F;2317;10,31
1489;1;F;2318;10,32
1490;1;F;2319;10,33
1491;1;F;2320;10,34
1492;1;F;2321;10,35
1493;1;F;2322;10,36
1494;1;F;2323;10,37
1495;1;F;2324;10,38
1496;1;F;2325;10,38
1497;1;F;2326;10,39
1498;1;F;2327;10,39
1499;1;F;2328;10,4
1500;1;F;2329;10,41
1501;1;F;2330;10,42
1502;1;F;2331;10,43
1503;1;F;2332;10,44
1504;1;F;2333;10,45
1505;1;F;2334;10,46
1506;1;F;2335;10,47
1507;1;F;2336;10,48
1508;1;F;2337;10,48
1509;1;F;2338;10,49
1510;1;F;2339;10,49
1511;1;F;2340;10,5
1512;1;F;2341;10,51
1513;1;F;2342;10,52
1514;1;F;2343;10,53
1515;1;F;2344;10,54
1516;1;F;2345;10,55
1517;1;F;2346;10,56
1518;1;F;2347;10,57
1519;1;F;2348;10,58
1520;1;F;2349;10,58
1521;1;F;2350;10,59
1522;1;F;2351;10,59
1523;1;F;2352;10,6
1524;1;F;2353;10,6
1525;1;F;2354;10,61
1526;1;F;2355;10,61
1527;1;F;2356;10,62
1528;1;F;2357;10,63
1529;1;F;2358;10,64
1530;1;F;2359;10,65
1531;1;F;2360;10,66
1532;1;F;2361;10,67
1533;1;F;2362;10,68
1534;1;F;2363;10,68
1535;1;F;2364;10,69
1536;1;F;2365;10,7
1537;1;F;2366;10,71
1538;1;F;2367;10,72
1539;1;F;2368;10,73
1540;1;F;2369;10,74
1541;1;F;2370;10,75
1542;1;F;2371;10,76
1543;1;F;2372;10,77
1544;1;F;2373;10,78
1545;1;F;2374;10,78
1546;1;F;2375;10,79
1547;1;F;2376;10,8
1548;1;F;2377;10,81
1549;1;F;2378;10,82
1550;1;F;2379;10,83
1551;1;F;2380;10,84
1552;1;F;2381;10,85
1553;1;F;2382;10,86
1554;1;F;2383;10,87
1555;1;F;2384;10,88
1556;1;F;2385;10,88
1557;1;F;2386;10,89
1558;1;F;2387;10,9
1559;1;F;2388;10,91
1560;1;F;2389;10,92
1561;1;F;2390;10,93
1562;1;F;2391;10,94
1563;1;F;2392;10,95
1564;1;F;2393;10,96
1565;1;F;2394;10,97
1566;1;F;2395;10,98
1567;1;F;2396;10,98
1568;1;F;2397;10,99
1569;1;F;2398;11
1570;1;F;2399;11,01
1571;1;F;2400;11,02
1572;1;F;2401;11,03
1573;1;F;2402;11,04
1574;1;F;2403;11,05
1575;1;F;2404;11,06
1576;1;F;2405;11,07
1577;1;F;2406;11,08
1578;1;F;2407;11,09
1579;1;F;2408;11,1
1580;1;F;2409;11,11
1581;1;F;2410;11,12
1582;1;F;2411;11,13
1583;1;F;2412;11,14
1584;1;F;2413;11,15
1585;1;F;2414;11,16
1586;1;F;2415;11,17
1587;1;F;2416;11,18
1588;1;F;2417;11,18
1589;1;F;2418;11,19
1590;1;F;2419;11,2
1591;1;F;2420;11,21
1592;1;F;2421;11,22
1593;1;F;2422;11,23
1594;1;F;2423;11,24
1595;1;F;2424;11,25
1596;1;F;2425;11,26
1597;1;F;2426;11,27
1598;1;F;2427;11,28
1599;1;F;2428;11,29
1600;1;F;2429;11,3
1601;1;F;2430;11,31
1602;1;F;2431;11,32
1603;1;F;2432;11,33
1604;1;F;2433;11,34
1605;1;F;2434;11,35
1606;1;F;2435;11,36
1607;1;F;2436;11,37
1608;1;F;2437;11,38
1609;1;F;2438;11,38
1610;1;F;2439;11,39
1611;1;F;2440;11,4
1612;1;F;2441;11,41
1613;1;F;2442;11,42
1614;1;F;2443;11,43
1615;1;F;2444;11,44
1616;1;F;2445;11,45
1617;1;F;2446;11,46
1618;1;F;2447;11,47
1619;1;F;2448;11,48
1620;1;F;2449;11,49
1621;1;F;2450;11,5
1622;1;F;2451;11,51
1623;1;F;2452;11,52
1624;1;F;2453;11,53
1625;1;F;2454;11,54
1626;1;F;2455;11,55
1627;1;F;2456;11,56
1628;1;F;2457;11,57
1629;1;F;2458;11,58
1630;1;F;2459;11,59
1631;1;F;2460;11,6
1632;1;F;2461;11,61
1633;1;F;2462;11,62
1634;1;F;2463;11,63
1635;1;F;2464;11,64
1636;1;F;2465;11,65
1637;1;F;2466;11,66
1638;1;F;2467;11,67
1639;1;F;2468;11,68
1640;1;F;2469;11,69
1641;1;F;2470;11,7
1642;1;F;2471;11,71
1643;1;F;2472;11,72
1644;1;F;2473;11,73
1645;1;F;2474;11,74
1646;1;F;2475;11,75
1647;1;F;2476;11,76
1648;1;F;2477;11,77
1649;1;F;2478;11,78
1650;1;F;2479;11,79
1651;1;F;2480;11,8
1652;1;F;2481;11,81
1653;1;F;2482;11,82
1654;1;F;2483;11,83
1655;1;F;2484;11,84
1656;1;F;2485;11,85
1657;1;F;2486;11,86
1658;1;F;2487;11,87
1659;1;F;2488;11,88
1660;1;F;2489;11,89
1661;1;F;2490;11,9
1662;1;F;2491;11,91
1663;1;F;2492;11,92
1664;1;F;2493;11,93
1665;1;F;2494;11,94
1666;1;F;2495;11,95
1667;1;F;2496;11,96
1668;1;F;2497;11,97
1669;1;F;2498;11,98
1670;1;F;2499;11,99
1671;1;F;2500;12
1672;1;F;2501;12,01
1673;1;F;2502;12,02
1674;1;F;2503;12,03
1675;1;F;2504;12,04
1676;1;F;2505;12,05
1677;1;F;2506;12,06
1678;1;F;2507;12,07
1679;1;F;2508;12,08
1680;1;F;2509;12,09
1681;1;F;2510;12,1
1682;1;F;2511;12,11
1683;1;F;2512;12,12
1684;1;F;2513;12,13
1685;1;F;2514;12,14
1686;1;F;2515;12,16
1687;1;F;2516;12,18
1688;1;F;2517;12,19
1689;1;F;2518;12,2
1690;1;F;2519;12,21
1691;1;F;2520;12,22
1692;1;F;2521;12,23
1693;1;F;2522;12,24
1694;1;F;2523;12,25
1695;1;F;2524;12,26
1696;1;F;2525;12,27
1697;1;F;2526;12,28
1698;1;F;2527;12,29
1699;1;F;2528;12,3
1700;1;F;2529;12,31
1701;1;F;2530;12,32
1702;1;F;2531;12,33
1703;1;F;2532;12,34
1704;1;F;2533;12,36
1705;1;F;2534;12,38
1706;1;F;2535;12,39
1707;1;F;2536;12,4
1708;1;F;2537;12,41
1709;1;F;2538;12,42
1710;1;F;2539;12,43
1711;1;F;2540;12,44
1712;1;F;2541;12,45
1713;1;F;2542;12,46
1714;1;F;2543;12,47
1715;1;F;2544;12,48
1716;1;F;2545;12,49
1717;1;F;2546;12,5
1718;1;F;2547;12,51
1719;1;F;2548;12,52
1720;1;F;2549;12,53
1721;1;F;2550;12,54
1722;1;F;2551;12,56
1723;1;F;2552;12,58
1724;1;F;2553;12,59
1725;1;F;2554;12,6
1726;1;F;2555;12,61
1727;1;F;2556;12,62
1728;1;F;2557;12,63
1729;1;F;2558;12,64
1730;1;F;2559;12,65
1731;1;F;2560;12,66
1732;1;F;2561;12,67
1733;1;F;2562;12,68
1734;1;F;2563;12,69
1735;1;F;2564;12,7
1736;1;F;2565;12,71
1737;1;F;2566;12,72
1738;1;F;2567;12,73
1739;1;F;2568;12,74
1740;1;F;2569;12,76
1741;1;F;2570;12,78
1742;1;F;2571;12,79
1743;1;F;2572;12,8
1744;1;F;2573;12,81
1745;1;F;2574;12,82
1746;1;F;2575;12,83
1747;1;F;2576;12,84
1748;1;F;2577;12,85
1749;1;F;2578;12,86
1750;1;F;2579;12,87
1751;1;F;2580;12,88
1752;1;F;2581;12,89
1753;1;F;2582;12,9
1754;1;F;2583;12,91
1755;1;F;2584;12,92
1756;1;F;2585;12,93
1757;1;F;2586;12,94
1758;1;F;2587;12,96
1759;1;F;2588;12,98
1760;1;F;2589;12,99
1761;1;F;2590;13
1762;1;F;2591;13,01
1763;1;F;2592;13,02
1764;1;F;2593;13,03
1765;1;F;2594;13,04
1766;1;F;2595;13,05
1767;1;F;2596;13,06
1768;1;F;2597;13,07
1769;1;F;2598;13,08
1770;1;F;2599;13,09
1771;1;F;2600;13,1
1772;1;F;2601;13,11
1773;1;F;2602;13,12
1774;1;F;2603;13,13
1775;1;F;2604;13,14
1776;1;F;2605;13,16
1777;1;F;2606;13,18
1778;1;F;2607;13,19
1779;1;F;2608;13,2
1780;1;F;2609;13,21
1781;1;F;2610;13,22
1782;1;F;2611;13,24
1783;1;F;2612;13,26
1784;1;F;2613;13,28
1785;1;F;2614;13,29
1786;1;F;2615;13,3
1787;1;F;2616;13,31
1788;1;F;2617;13,32
1789;1;F;2618;13,33
1790;1;F;2619;13,34
1791;1;F;2620;13,35
1792;1;F;2621;13,36
1793;1;F;2622;13,37
1794;1;F;2623;13,38
1795;1;F;2624;13,39
1796;1;F;2625;13,4
1797;1;F;2626;13,41
1798;1;F;2627;13,42
1799;1;F;2628;13,44
1800;1;F;2629;13,46
1801;1;F;2630;13,48
1802;1;F;2631;13,49
1803;1;F;2632;13,5
1804;1;F;2633;13,51
1805;1;F;2634;13,52
1806;1;F;2635;13,54
1807;1;F;2636;13,56
1808;1;F;2637;13,58
1809;1;F;2638;13,59
1810;1;F;2639;13,6
1811;1;F;2640;13,61
1812;1;F;2641;13,62
1813;1;F;2642;13,63
1814;1;F;2643;13,64
1815;1;F;2644;13,65
1816;1;F;2645;13,66
1817;1;F;2646;13,67
1818;1;F;2647;13,68
1819;1;F;2648;13,69
1820;1;F;2649;13,7
1821;1;F;2650;13,71
1822;1;F;2651;13,72
1823;1;F;2652;13,74
1824;1;F;2653;13,76
1825;1;F;2654;13,78
1826;1;F;2655;13,79
1827;1;F;2656;13,8
1828;1;F;2657;13,81
1829;1;F;2658;13,82
1830;1;F;2659;13,84
1831;1;F;2660;13,86
1832;1;F;2661;13,88
1833;1;F;2662;13,89
1834;1;F;2663;13,9
1835;1;F;2664;13,91
1836;1;F;2665;13,92
1837;1;F;2666;13,93
1838;1;F;2667;13,94
1839;1;F;2668;13,95
1840;1;F;2669;13,96
1841;1;F;2670;13,97
1842;1;F;2671;13,98
1843;1;F;2672;13,99
1844;1;F;2673;14
1845;1;F;2674;14,01
1846;1;F;2675;14,02
1847;1;F;2676;14,04
1848;1;F;2677;14,06
1849;1;F;2678;14,08
1850;1;F;2679;14,09
1851;1;F;2680;14,1
1852;1;F;2681;14,12
1853;1;F;2682;14,14
1854;1;F;2683;14,16
1855;1;F;2684;14,18
1856;1;F;2685;14,19
1857;1;F;2686;14,2
1858;1;F;2687;14,21
1859;1;F;2688;14,22
1860;1;F;2689;14,24
1861;1;F;2690;14,26
1862;1;F;2691;14,28
1863;1;F;2692;14,29
1864;1;F;2693;14,3
1865;1;F;2694;14,31
1866;1;F;2695;14,32
1867;1;F;2696;14,33
1868;1;F;2697;14,34
1869;1;F;2698;14,35
1870;1;F;2699;14,36
1871;1;F;2700;14,37
1872;1;F;2701;14,38
1873;1;F;2702;14,39
1874;1;F;2703;14,4
1875;1;F;2704;14,41
1876;1;F;2705;14,42
1877;1;F;2706;14,44
1878;1;F;2707;14,46
1879;1;F;2708;14,48
1880;1;F;2709;14,49
1881;1;F;2710;14,5
1882;1;F;2711;14,52
1883;1;F;2712;14,54
1884;1;F;2713;14,56
1885;1;F;2714;14,58
1886;1;F;2715;14,59
1887;1;F;2716;14,6
1888;1;F;2717;14,62
1889;1;F;2718;14,64
1890;1;F;2719;14,66
1891;1;F;2720;14,68
1892;1;F;2721;14,69
1893;1;F;2722;14,7
1894;1;F;2723;14,71
1895;1;F;2724;14,72
1896;1;F;2725;14,73
1897;1;F;2726;14,74
1898;1;F;2727;14,75
1899;1;F;2728;14,76
1900;1;F;2729;14,78
1901;1;F;2730;14,79
1902;1;F;2731;14,8
1903;1;F;2732;14,81
1904;1;F;2733;14,82
1905;1;F;2734;14,83
1906;1;F;2735;14,84
1907;1;F;2736;14,86
1908;1;F;2737;14,88
1909;1;F;2738;14,89
1910;1;F;2739;14,9
1911;1;F;2740;14,91
1912;1;F;2741;14,92
1913;1;F;2742;14,94
1914;1;F;2743;14,96
1915;1;F;2744;14,98
1916;1;F;2745;14,99
1917;1;F;2746;15
1918;1;F;2747;15,02
1919;1;F;2748;15,04
1920;1;F;2749;15,06
1921;1;F;2750;15,08
1922;1;F;2751;15,09
1923;1;F;2752;15,1
1924;1;F;2753;15,12
1925;1;F;2754;15,14
1926;1;F;2755;15,16
1927;1;F;2756;15,18
1928;1;F;2757;15,19
1929;1;F;2758;15,2
1930;1;F;2759;15,22
1931;1;F;2760;15,24
1932;1;F;2761;15,26
1933;1;F;2762;15,28
1934;1;F;2763;15,29
1935;1;F;2764;15,3
1936;1;F;2765;15,31
1937;1;F;2766;15,32
1938;1;F;2767;15,34
1939;1;F;2768;15,36
1940;1;F;2769;15,38
1941;1;F;2770;15,39
1942;1;F;2771;15,4
1943;1;F;2772;15,41
1944;1;F;2773;15,42
1945;1;F;2774;15,43
1946;1;F;2775;15,44
1947;1;F;2776;15,46
1948;1;F;2777;15,48
1949;1;F;2778;15,49
1950;1;F;2779;15,5
1951;1;F;2780;15,51
1952;1;F;2781;15,52
1953;1;F;2782;15,53
1954;1;F;2783;15,54
1955;1;F;2784;15,56
1956;1;F;2785;15,58
1957;1;F;2786;15,59
1958;1;F;2787;15,6
1959;1;F;2788;15,61
1960;1;F;2789;15,62
1961;1;F;2790;15,64
1962;1;F;2791;15,66
1963;1;F;2792;15,68
1964;1;F;2793;15,69
1965;1;F;2794;15,7
1966;1;F;2795;15,72
1967;1;F;2796;15,74
1968;1;F;2797;15,76
1969;1;F;2798;15,78
1970;1;F;2799;15,79
1971;1;F;2800;15,8
1972;1;F;2801;15,82
1973;1;F;2802;15,84
1974;1;F;2803;15,86
1975;1;F;2804;15,88
1976;1;F;2805;15,89
1977;1;F;2806;15,9
1978;1;F;2807;15,92
1979;1;F;2808;15,94
1980;1;F;2809;15,96
1981;1;F;2810;15,98
1982;1;F;2811;15,99
1983;1;F;2812;16
1984;1;F;2813;16,02
1985;1;F;2814;16,04
1986;1;F;2815;16,06
1987;1;F;2816;16,08
1988;1;F;2817;16,09
1989;1;F;2818;16,1
1990;1;F;2819;16,12
1991;1;F;2820;16,14
1992;1;F;2821;16,16
1993;1;F;2822;16,18
1994;1;F;2823;16,19
1995;1;F;2824;16,2
1996;1;F;2825;16,22
1997;1;F;2826;16,24
1998;1;F;2827;16,26
1999;1;F;2828;16,28
2000;1;F;2829;16,29
2001;1;F;2830;16,3
2002;1;F;2831;16,32
2003;1;F;2832;16,34
2004;1;F;2833;16,36
2005;1;F;2834;16,38
2006;1;F;2835;16,39
2007;1;F;2836;16,4
2008;1;F;2837;16,42
2009;1;F;2838;16,44
2010;1;F;2839;16,46
2011;1;F;2840;16,48
2012;1;F;2841;16,49
2013;1;F;2842;16,5
2014;1;F;2843;16,52
2015;1;F;2844;16,54
2016;1;F;2845;16,56
2017;1;F;2846;16,58
2018;1;F;2847;16,59
2019;1;F;2848;16,6
2020;1;F;2849;16,62
2021;1;F;2850;16,64
2022;1;F;2851;16,66
2023;1;F;2852;16,68
2024;1;F;2853;16,69
2025;1;F;2854;16,7
2026;1;F;2855;16,72
2027;1;F;2856;16,74
2028;1;F;2857;16,76
2029;1;F;2858;16,78
2030;1;F;2859;16,79
2031;1;F;2860;16,8
2032;1;F;2861;16,82
2033;1;F;2862;16,84
2034;1;F;2863;16,86
2035;1;F;2864;16,88
2036;1;F;2865;16,89
2037;1;F;2866;16,9
2038;1;F;2867;16,92
2039;1;F;2868;16,94
2040;1;F;2869;16,96
2041;1;F;2870;16,98
2042;1;F;2871;16,99
2043;1;F;2872;17
2044;1;F;2873;17,02
2045;1;F;2874;17,04
2046;1;F;2875;17,06
2047;1;F;2876;17,08
2048;1;F;2877;17,09
2049;1;F;2878;17,1
2050;1;F;2879;17,12
2051;1;F;2880;17,14
2052;1;F;2881;17,16
2053;1;F;2882;17,18
2054;1;F;2883;17,19
2055;1;F;2884;17,2
2056;1;F;2885;17,22
2057;1;F;2886;17,24
2058;1;F;2887;17,26
2059;1;F;2888;17,28
2060;1;F;2889;17,29
2061;1;F;2890;17,3
2062;1;F;2891;17,32
2063;1;F;2892;17,34
2064;1;F;2893;17,36
2065;1;F;2894;17,38
2066;1;F;2895;17,39
2067;1;F;2896;17,4
2068;1;F;2897;17,42
2069;1;F;2898;17,44
2070;1;F;2899;17,46
2071;1;F;2900;17,48
2072;1;F;2901;17,49
2073;1;F;2902;17,5
2074;1;F;2903;17,52
2075;1;F;2904;17,54
2076;1;F;2905;17,56
2077;1;F;2906;17,58
2078;1;F;2907;17,59
2079;1;F;2908;17,6
2080;1;F;2909;17,62
2081;1;F;2910;17,64
2082;1;F;2911;17,66
2083;1;F;2912;17,68
2084;1;F;2913;17,69
2085;1;F;2914;17,7
2086;1;F;2915;17,72
2087;1;F;2916;17,74
2088;1;F;2917;17,76
2089;1;F;2918;17,78
2090;1;F;2919;17,79
2091;1;F;2920;17,8
2092;1;F;2921;17,82
2093;1;F;2922;17,84
2094;1;F;2923;17,86
2095;1;F;2924;17,88
2096;1;F;2925;17,89
2097;1;F;2926;17,9
2098;1;F;2927;17,92
2099;1;F;2928;17,94
2100;1;F;2929;17,96
2101;1;F;2930;17,98
2102;1;F;2931;18
2103;1;F;2932;18,02
2104;1;F;2933;18,04
2105;1;F;2934;18,06
2106;1;F;2935;18,08
2107;1;F;2936;18,13
2108;1;F;2937;18,18
2109;1;F;2938;18,2
2110;1;F;2939;18,22
2111;1;F;2940;18,24
2112;1;F;2941;18,26
2113;1;F;2942;18,28
2114;1;F;2943;18,29
2115;1;F;2944;18,3
2116;1;F;2945;18,32
2117;1;F;2946;18,34
2118;1;F;2947;18,36
2119;1;F;2948;18,38
2120;1;F;2949;18,39
2121;1;F;2950;18,4
2122;1;F;2951;18,42
2123;1;F;2952;18,44
2124;1;F;2953;18,46
2125;1;F;2954;18,48
2126;1;F;2955;18,49
2127;1;F;2956;18,5
2128;1;F;2957;18,52
2129;1;F;2958;18,54
2130;1;F;2959;18,56
2131;1;F;2960;18,58
2132;1;F;2961;18,59
2133;1;F;2962;18,6
2134;1;F;2963;18,62
2135;1;F;2964;18,64
2136;1;F;2965;18,66
2137;1;F;2966;18,68
2138;1;F;2967;18,73
2139;1;F;2968;18,78
2140;1;F;2969;18,8
2141;1;F;2970;18,82
2142;1;F;2971;18,84
2143;1;F;2972;18,86
2144;1;F;2973;18,88
2145;1;F;2974;18,9
2146;1;F;2975;18,92
2147;1;F;2976;18,94
2148;1;F;2977;18,96
2149;1;F;2978;18,98
2150;1;F;2979;18,99
2151;1;F;2980;19
2152;1;F;2981;19,02
2153;1;F;2982;19,04
2154;1;F;2983;19,06
2155;1;F;2984;19,08
2156;1;F;2985;19,1
2157;1;F;2986;19,12
2158;1;F;2987;19,14
2159;1;F;2988;19,16
2160;1;F;2989;19,18
2161;1;F;2990;19,2
2162;1;F;2991;19,22
2163;1;F;2992;19,24
2164;1;F;2993;19,26
2165;1;F;2994;19,28
2166;1;F;2995;19,33
2167;1;F;2996;19,38
2168;1;F;2997;19,39
2169;1;F;2998;19,4
2170;1;F;2999;19,42
2171;1;F;3000;19,44
2172;1;F;3001;19,46
2173;1;F;3002;19,48
2174;1;F;3003;19,49
2175;1;F;3004;19,5
2176;1;F;3005;19,52
2177;1;F;3006;19,54
2178;1;F;3007;19,56
2179;1;F;3008;19,58
2180;1;F;3009;19,6
2181;1;F;3010;19,62
2182;1;F;3011;19,64
2183;1;F;3012;19,66
2184;1;F;3013;19,68
2185;1;F;3014;19,73
2186;1;F;3015;19,78
2187;1;F;3016;19,8
2188;1;F;3017;19,82
2189;1;F;3018;19,84
2190;1;F;3019;19,86
2191;1;F;3020;19,88
2192;1;F;3021;19,89
2193;1;F;3022;19,9
2194;1;F;3023;19,92
2195;1;F;3024;19,94
2196;1;F;3025;19,96
2197;1;F;3026;19,98
2198;1;F;3027;19,99
2199;1;F;3028;20
2200;2;M;2289;0
2201;2;M;2290;0,78
2202;2;M;2291;0,88
2203;2;M;2292;0,98
2204;2;M;2293;1,08
2205;2;M;2294;1,18
2206;2;M;2295;1,28
2207;2;M;2296;1,38
2208;2;M;2297;1,48
2209;2;M;2298;1,58
2210;2;M;2299;1,68
2211;2;M;2300;1,78
2212;2;M;2301;1,88
2213;2;M;2302;1,93
2214;2;M;2303;1,98
2215;2;M;2304;2,03
2216;2;M;2305;2,08
2217;2;M;2306;2,13
2218;2;M;2307;2,18
2219;2;M;2308;2,23
2220;2;M;2309;2,28
2221;2;M;2310;2,33
2222;2;M;2311;2,38
2223;2;M;2312;2,43
2224;2;M;2313;2,48
2225;2;M;2314;2,58
2226;2;M;2315;2,68
2227;2;M;2316;2,78
2228;2;M;2317;2,88
2229;2;M;2318;2,98
2230;2;M;2319;3,08
2231;2;M;2320;3,18
2232;2;M;2321;3,23
2233;2;M;2322;3,28
2234;2;M;2323;3,33
2235;2;M;2324;3,38
2236;2;M;2325;3,43
2237;2;M;2326;3,48
2238;2;M;2327;3,58
2239;2;M;2328;3,68
2240;2;M;2329;3,78
2241;2;M;2330;3,88
2242;2;M;2331;3,98
2243;2;M;2332;4,08
2244;2;M;2333;4,18
2245;2;M;2334;4,28
2246;2;M;2335;4,33
2247;2;M;2336;4,38
2248;2;M;2337;4,43
2249;2;M;2338;4,48
2250;2;M;2339;4,58
2251;2;M;2340;4,68
2252;2;M;2341;4,78
2253;2;M;2342;4,88
2254;2;M;2343;4,98
2255;2;M;2344;5,08
2256;2;M;2345;5,18
2257;2;M;2346;5,23
2258;2;M;2347;5,28
2259;2;M;2348;5,33
2260;2;M;2349;5,38
2261;2;M;2350;5,43
2262;2;M;2351;5,48
2263;2;M;2352;5,58
2264;2;M;2353;5,68
2265;2;M;2354;5,78
2266;2;M;2355;5,88
2267;2;M;2356;5,98
2268;2;M;2357;6,08
2269;2;M;2358;6,18
2270;2;M;2359;6,23
2271;2;M;2360;6,28
2272;2;M;2361;6,33
2273;2;M;2362;6,38
2274;2;M;2363;6,48
2275;2;M;2364;6,58
2276;2;M;2365;6,68
2277;2;M;2366;6,78
2278;2;M;2367;6,88
2279;2;M;2368;6,98
2280;2;M;2369;7,03
2281;2;M;2370;7,08
2282;2;M;2371;7,18
2283;2;M;2372;7,28
2284;2;M;2373;7,38
2285;2;M;2374;7,43
2286;2;M;2375;7,48
2287;2;M;2376;7,53
2288;2;M;2377;7,58
2289;2;M;2378;7,68
2290;2;M;2379;7,78
2291;2;M;2380;7,88
2292;2;M;2381;7,93
2293;2;M;2382;7,98
2294;2;M;2383;8,08
2295;2;M;2384;8,18
2296;2;M;2385;8,28
2297;2;M;2386;8,33
2298;2;M;2387;8,38
2299;2;M;2388;8,48
2300;2;M;2389;8,58
2301;2;M;2390;8,68
2302;2;M;2391;8,73
2303;2;M;2392;8,78
2304;2;M;2393;8,88
2305;2;M;2394;8,98
2306;2;M;2395;9,08
2307;2;M;2396;9,13
2308;2;M;2397;9,18
2309;2;M;2398;9,28
2310;2;M;2399;9,38
2311;2;M;2400;9,48
2312;2;M;2401;9,48
2313;2;M;2402;9,49
2314;2;M;2403;9,49
2315;2;M;2404;9,5
2316;2;M;2405;9,5
2317;2;M;2406;9,51
2318;2;M;2407;9,51
2319;2;M;2408;9,52
2320;2;M;2409;9,52
2321;2;M;2410;9,53
2322;2;M;2411;9,53
2323;2;M;2412;9,53
2324;2;M;2413;9,54
2325;2;M;2414;9,54
2326;2;M;2415;9,54
2327;2;M;2416;9,55
2328;2;M;2417;9,55
2329;2;M;2418;9,55
2330;2;M;2419;9,56
2331;2;M;2420;9,56
2332;2;M;2421;9,56
2333;2;M;2422;9,57
2334;2;M;2423;9,57
2335;2;M;2424;9,57
2336;2;M;2425;9,58
2337;2;M;2426;9,58
2338;2;M;2427;9,59
2339;2;M;2428;9,59
2340;2;M;2429;9,6
2341;2;M;2430;9,6
2342;2;M;2431;9,61
2343;2;M;2432;9,61
2344;2;M;2433;9,62
2345;2;M;2434;9,62
2346;2;M;2435;9,63
2347;2;M;2436;9,63
2348;2;M;2437;9,63
2349;2;M;2438;9,64
2350;2;M;2439;9,64
2351;2;M;2440;9,64
2352;2;M;2441;9,65
2353;2;M;2442;9,65
2354;2;M;2443;9,65
2355;2;M;2444;9,66
2356;2;M;2445;9,66
2357;2;M;2446;9,66
2358;2;M;2447;9,67
2359;2;M;2448;9,67
2360;2;M;2449;9,67
2361;2;M;2450;9,68
2362;2;M;2451;9,68
2363;2;M;2452;9,69
2364;2;M;2453;9,69
2365;2;M;2454;9,7
2366;2;M;2455;9,7
2367;2;M;2456;9,71
2368;2;M;2457;9,71
2369;2;M;2458;9,72
2370;2;M;2459;9,72
2371;2;M;2460;9,73
2372;2;M;2461;9,73
2373;2;M;2462;9,73
2374;2;M;2463;9,74
2375;2;M;2464;9,74
2376;2;M;2465;9,74
2377;2;M;2466;9,75
2378;2;M;2467;9,75
2379;2;M;2468;9,75
2380;2;M;2469;9,76
2381;2;M;2470;9,76
2382;2;M;2471;9,76
2383;2;M;2472;9,77
2384;2;M;2473;9,77
2385;2;M;2474;9,77
2386;2;M;2475;9,78
2387;2;M;2476;9,78
2388;2;M;2477;9,79
2389;2;M;2478;9,79
2390;2;M;2479;9,8
2391;2;M;2480;9,8
2392;2;M;2481;9,81
2393;2;M;2482;9,81
2394;2;M;2483;9,82
2395;2;M;2484;9,82
2396;2;M;2485;9,83
2397;2;M;2486;9,83
2398;2;M;2487;9,83
2399;2;M;2488;9,84
2400;2;M;2489;9,84
2401;2;M;2490;9,84
2402;2;M;2491;9,85
2403;2;M;2492;9,85
2404;2;M;2493;9,85
2405;2;M;2494;9,86
2406;2;M;2495;9,86
2407;2;M;2496;9,86
2408;2;M;2497;9,87
2409;2;M;2498;9,87
2410;2;M;2499;9,87
2411;2;M;2500;9,88
2412;2;M;2501;9,88
2413;2;M;2502;9,89
2414;2;M;2503;9,89
2415;2;M;2504;9,9
2416;2;M;2505;9,9
2417;2;M;2506;9,91
2418;2;M;2507;9,91
2419;2;M;2508;9,92
2420;2;M;2509;9,92
2421;2;M;2510;9,92
2422;2;M;2511;9,93
2423;2;M;2512;9,93
2424;2;M;2513;9,93
2425;2;M;2514;9,94
2426;2;M;2515;9,94
2427;2;M;2516;9,94
2428;2;M;2517;9,95
2429;2;M;2518;9,95
2430;2;M;2519;9,95
2431;2;M;2520;9,96
2432;2;M;2521;9,96
2433;2;M;2522;9,97
2434;2;M;2523;9,97
2435;2;M;2524;9,97
2436;2;M;2525;9,98
2437;2;M;2526;9,98
2438;2;M;2527;9,99
2439;2;M;2528;9,99
2440;2;M;2529;10
2441;2;M;2530;10
2442;2;M;2531;10,01
2443;2;M;2532;10,01
2444;2;M;2533;10,02
2445;2;M;2534;10,02
2446;2;M;2535;10,03
2447;2;M;2536;10,03
2448;2;M;2537;10,03
2449;2;M;2538;10,04
2450;2;M;2539;10,04
2451;2;M;2540;10,04
2452;2;M;2541;10,05
2453;2;M;2542;10,05
2454;2;M;2543;10,05
2455;2;M;2544;10,06
2456;2;M;2545;10,06
2457;2;M;2546;10,06
2458;2;M;2547;10,07
2459;2;M;2548;10,07
2460;2;M;2549;10,07
2461;2;M;2550;10,08
2462;2;M;2551;10,08
2463;2;M;2552;10,09
2464;2;M;2553;10,09
2465;2;M;2554;10,1
2466;2;M;2555;10,1
2467;2;M;2556;10,11
2468;2;M;2557;10,11
2469;2;M;2558;10,12
2470;2;M;2559;10,12
2471;2;M;2560;10,13
2472;2;M;2561;10,13
2473;2;M;2562;10,13
2474;2;M;2563;10,14
2475;2;M;2564;10,14
2476;2;M;2565;10,14
2477;2;M;2566;10,15
2478;2;M;2567;10,15
2479;2;M;2568;10,15
2480;2;M;2569;10,16
2481;2;M;2570;10,16
2482;2;M;2571;10,16
2483;2;M;2572;10,17
2484;2;M;2573;10,17
2485;2;M;2574;10,17
2486;2;M;2575;10,18
2487;2;M;2576;10,18
2488;2;M;2577;10,19
2489;2;M;2578;10,19
2490;2;M;2579;10,2
2491;2;M;2580;10,2
2492;2;M;2581;10,21
2493;2;M;2582;10,21
2494;2;M;2583;10,22
2495;2;M;2584;10,22
2496;2;M;2585;10,23
2497;2;M;2586;10,23
2498;2;M;2587;10,23
2499;2;M;2588;10,24
2500;2;M;2589;10,24
2501;2;M;2590;10,24
2502;2;M;2591;10,25
2503;2;M;2592;10,25
2504;2;M;2593;10,25
2505;2;M;2594;10,26
2506;2;M;2595;10,26
2507;2;M;2596;10,26
2508;2;M;2597;10,27
2509;2;M;2598;10,27
2510;2;M;2599;10,27
2511;2;M;2600;10,28
2512;2;M;2601;10,28
2513;2;M;2602;10,29
2514;2;M;2603;10,29
2515;2;M;2604;10,3
2516;2;M;2605;10,3
2517;2;M;2606;10,31
2518;2;M;2607;10,31
2519;2;M;2608;10,32
2520;2;M;2609;10,32
2521;2;M;2610;10,33
2522;2;M;2611;10,33
2523;2;M;2612;10,33
2524;2;M;2613;10,34
2525;2;M;2614;10,34
2526;2;M;2615;10,34
2527;2;M;2616;10,36
2528;2;M;2617;10,35
2529;2;M;2618;10,35
2530;2;M;2619;10,36
2531;2;M;2620;10,36
2532;2;M;2621;10,36
2533;2;M;2622;10,37
2534;2;M;2623;10,37
2535;2;M;2624;10,37
2536;2;M;2625;10,38
2537;2;M;2626;10,38
2538;2;M;2627;10,39
2539;2;M;2628;10,39
2540;2;M;2629;10,4
2541;2;M;2630;10,41
2542;2;M;2631;10,41
2543;2;M;2632;10,41
2544;2;M;2633;10,42
2545;2;M;2634;10,42
2546;2;M;2635;10,43
2547;2;M;2636;10,43
2548;2;M;2637;10,44
2549;2;M;2638;10,44
2550;2;M;2639;10,44
2551;2;M;2640;10,45
2552;2;M;2641;10,45
2553;2;M;2642;10,45
2554;2;M;2643;10,46
2555;2;M;2644;10,46
2556;2;M;2645;10,46
2557;2;M;2646;10,46
2558;2;M;2647;10,47
2559;2;M;2648;10,47
2560;2;M;2649;10,47
2561;2;M;2650;10,48
2562;2;M;2651;10,48
2563;2;M;2652;10,49
2564;2;M;2653;10,49
2565;2;M;2654;10,5
2566;2;M;2655;10,5
2567;2;M;2656;10,51
2568;2;M;2657;10,51
2569;2;M;2658;10,52
2570;2;M;2659;10,52
2571;2;M;2660;10,53
2572;2;M;2661;10,53
2573;2;M;2662;10,53
2574;2;M;2663;10,54
2575;2;M;2664;10,54
2576;2;M;2665;10,54
2577;2;M;2666;10,55
2578;2;M;2667;10,55
2579;2;M;2668;10,55
2580;2;M;2669;10,56
2581;2;M;2670;10,56
2582;2;M;2671;10,56
2583;2;M;2672;10,57
2584;2;M;2673;10,57
2585;2;M;2674;10,57
2586;2;M;2675;10,58
2587;2;M;2676;10,58
2588;2;M;2677;10,58
2589;2;M;2678;10,59
2590;2;M;2679;10,59
2591;2;M;2680;10,59
2592;2;M;2681;10,6
2593;2;M;2682;10,6
2594;2;M;2683;10,6
2595;2;M;2684;10,61
2596;2;M;2685;10,61
2597;2;M;2686;10,62
2598;2;M;2687;10,62
2599;2;M;2688;10,63
2600;2;M;2689;10,63
2601;2;M;2690;10,64
2602;2;M;2691;10,64
2603;2;M;2692;10,65
2604;2;M;2693;10,65
2605;2;M;2694;10,66
2606;2;M;2695;10,66
2607;2;M;2696;10,66
2608;2;M;2697;10,67
2609;2;M;2698;10,67
2610;2;M;2699;10,67
2611;2;M;2700;10,68
2612;2;M;2701;10,68
2613;2;M;2702;10,69
2614;2;M;2703;10,69
2615;2;M;2704;10,7
2616;2;M;2705;10,7
2617;2;M;2706;10,71
2618;2;M;2707;10,71
2619;2;M;2708;10,72
2620;2;M;2709;10,72
2621;2;M;2710;10,73
2622;2;M;2711;10,74
2623;2;M;2712;10,75
2624;2;M;2713;10,76
2625;2;M;2714;10,77
2626;2;M;2715;10,78
2627;2;M;2716;10,78
2628;2;M;2717;10,79
2629;2;M;2718;10,79
2630;2;M;2719;10,8
2631;2;M;2720;10,8
2632;2;M;2721;10,81
2633;2;M;2722;10,81
2634;2;M;2723;10,82
2635;2;M;2724;10,82
2636;2;M;2725;10,83
2637;2;M;2726;10,84
2638;2;M;2727;10,85
2639;2;M;2728;10,86
2640;2;M;2729;10,87
2641;2;M;2730;10,88
2642;2;M;2731;10,88
2643;2;M;2732;10,89
2644;2;M;2733;10,89
2645;2;M;2734;10,9
2646;2;M;2735;10,9
2647;2;M;2736;10,91
2648;2;M;2737;10,91
2649;2;M;2738;10,92
2650;2;M;2739;10,92
2651;2;M;2740;10,93
2652;2;M;2741;10,94
2653;2;M;2742;10,95
2654;2;M;2743;10,96
2655;2;M;2744;10,97
2656;2;M;2745;10,98
2657;2;M;2746;10,98
2658;2;M;2747;10,99
2659;2;M;2748;10,99
2660;2;M;2749;11
2661;2;M;2750;11
2662;2;M;2751;11,01
2663;2;M;2752;11,01
2664;2;M;2753;11,02
2665;2;M;2754;11,02
2666;2;M;2755;11,03
2667;2;M;2756;11,04
2668;2;M;2757;11,05
2669;2;M;2758;11,06
2670;2;M;2759;11,07
2671;2;M;2760;11,08
2672;2;M;2761;11,08
2673;2;M;2762;11,09
2674;2;M;2763;11,09
2675;2;M;2764;11,1
2676;2;M;2765;11,1
2677;2;M;2766;11,11
2678;2;M;2767;11,11
2679;2;M;2768;11,12
2680;2;M;2769;11,12
2681;2;M;2770;11,13
2682;2;M;2771;11,14
2683;2;M;2772;11,15
2684;2;M;2773;11,16
2685;2;M;2774;11,17
2686;2;M;2775;11,18
2687;2;M;2776;11,18
2688;2;M;2777;11,19
2689;2;M;2778;11,19
2690;2;M;2779;11,2
2691;2;M;2780;11,2
2692;2;M;2781;11,21
2693;2;M;2782;11,21
2694;2;M;2783;11,22
2695;2;M;2784;11,23
2696;2;M;2785;11,24
2697;2;M;2786;11,25
2698;2;M;2787;11,26
2699;2;M;2788;11,27
2700;2;M;2789;11,28
2701;2;M;2790;11,28
2702;2;M;2791;11,29
2703;2;M;2792;11,29
2704;2;M;2793;11,3
2705;2;M;2794;11,3
2706;2;M;2795;11,31
2707;2;M;2796;11,32
2708;2;M;2797;11,33
2709;2;M;2798;11,34
2710;2;M;2799;11,35
2711;2;M;2800;11,36
2712;2;M;2801;11,37
2713;2;M;2802;11,38
2714;2;M;2803;11,38
2715;2;M;2804;11,39
2716;2;M;2805;11,39
2717;2;M;2806;11,4
2718;2;M;2807;11,4
2719;2;M;2808;11,41
2720;2;M;2809;11,42
2721;2;M;2810;11,43
2722;2;M;2811;11,44
2723;2;M;2812;11,45
2724;2;M;2813;11,46
2725;2;M;2814;11,47
2726;2;M;2815;11,48
2727;2;M;2816;11,48
2728;2;M;2817;11,49
2729;2;M;2818;11,49
2730;2;M;2819;11,5
2731;2;M;2820;11,5
2732;2;M;2821;11,51
2733;2;M;2822;11,51
2734;2;M;2823;11,52
2735;2;M;2824;11,52
2736;2;M;2825;11,53
2737;2;M;2826;11,54
2738;2;M;2827;11,55
2739;2;M;2828;11,56
2740;2;M;2829;11,57
2741;2;M;2830;11,58
2742;2;M;2831;11,58
2743;2;M;2832;11,59
2744;2;M;2833;11,59
2745;2;M;2834;11,6
2746;2;M;2835;11,6
2747;2;M;2836;11,61
2748;2;M;2837;11,61
2749;2;M;2838;11,62
2750;2;M;2839;11,63
2751;2;M;2840;11,64
2752;2;M;2841;11,65
2753;2;M;2842;11,66
2754;2;M;2843;11,67
2755;2;M;2844;11,68
2756;2;M;2845;11,68
2757;2;M;2846;11,69
2758;2;M;2847;11,7
2759;2;M;2848;11,71
2760;2;M;2849;11,72
2761;2;M;2850;11,73
2762;2;M;2851;11,74
2763;2;M;2852;11,75
2764;2;M;2853;11,76
2765;2;M;2854;11,77
2766;2;M;2855;11,78
2767;2;M;2856;11,78
2768;2;M;2857;11,79
2769;2;M;2858;11,79
2770;2;M;2859;11,8
2771;2;M;2860;11,8
2772;2;M;2861;11,81
2773;2;M;2862;11,81
2774;2;M;2863;11,82
2775;2;M;2864;11,83
2776;2;M;2865;11,84
2777;2;M;2866;11,85
2778;2;M;2867;11,86
2779;2;M;2868;11,87
2780;2;M;2869;11,88
2781;2;M;2870;11,88
2782;2;M;2871;11,89
2783;2;M;2872;11,9
2784;2;M;2873;11,91
2785;2;M;2874;11,92
2786;2;M;2875;11,93
2787;2;M;2876;11,94
2788;2;M;2877;11,95
2789;2;M;2878;11,96
2790;2;M;2879;11,97
2791;2;M;2880;11,98
2792;2;M;2881;11,98
2793;2;M;2882;11,99
2794;2;M;2883;11,99
2795;2;M;2884;12
2796;2;M;2885;12
2797;2;M;2886;12,01
2798;2;M;2887;12,01
2799;2;M;2888;12,02
2800;2;M;2889;12,03
2801;2;M;2890;12,04
2802;2;M;2891;12,05
2803;2;M;2892;12,06
2804;2;M;2893;12,07
2805;2;M;2894;12,08
2806;2;M;2895;12,08
2807;2;M;2896;12,09
2808;2;M;2897;12,1
2809;2;M;2898;12,11
2810;2;M;2899;12,12
2811;2;M;2900;12,13
2812;2;M;2901;12,14
2813;2;M;2902;12,15
2814;2;M;2903;12,16
2815;2;M;2904;12,17
2816;2;M;2905;12,18
2817;2;M;2906;12,18
2818;2;M;2907;12,19
2819;2;M;2908;12,19
2820;2;M;2909;12,2
2821;2;M;2910;12,2
2822;2;M;2911;12,21
2823;2;M;2912;12,21
2824;2;M;2913;12,22
2825;2;M;2914;12,23
2826;2;M;2915;12,24
2827;2;M;2916;12,25
2828;2;M;2917;12,26
2829;2;M;2918;12,27
2830;2;M;2919;12,28
2831;2;M;2920;12,28
2832;2;M;2921;12,29
2833;2;M;2922;12,3
2834;2;M;2923;12,31
2835;2;M;2924;12,32
2836;2;M;2925;12,33
2837;2;M;2926;12,34
2838;2;M;2927;12,35
2839;2;M;2928;12,36
2840;2;M;2929;12,37
2841;2;M;2930;12,38
2842;2;M;2931;12,38
2843;2;M;2932;12,39
2844;2;M;2933;12,39
2845;2;M;2934;12,4
2846;2;M;2935;12,4
2847;2;M;2936;12,41
2848;2;M;2937;12,41
2849;2;M;2938;12,42
2850;2;M;2939;12,43
2851;2;M;2940;12,44
2852;2;M;2941;12,45
2853;2;M;2942;12,46
2854;2;M;2943;12,47
2855;2;M;2944;12,48
2856;2;M;2945;12,48
2857;2;M;2946;12,49
2858;2;M;2947;12,5
2859;2;M;2948;12,51
2860;2;M;2949;12,52
2861;2;M;2950;12,53
2862;2;M;2951;12,54
2863;2;M;2952;12,55
2864;2;M;2953;12,56
2865;2;M;2954;12,57
2866;2;M;2955;12,58
2867;2;M;2956;12,58
2868;2;M;2957;12,59
2869;2;M;2958;12,59
2870;2;M;2959;12,6
2871;2;M;2960;12,6
2872;2;M;2961;12,61
2873;2;M;2962;12,61
2874;2;M;2963;12,62
2875;2;M;2964;12,63
2876;2;M;2965;12,64
2877;2;M;2966;12,65
2878;2;M;2967;12,66
2879;2;M;2968;12,67
2880;2;M;2969;12,68
2881;2;M;2970;12,68
2882;2;M;2971;12,69
2883;2;M;2972;12,7
2884;2;M;2973;12,71
2885;2;M;2974;12,72
2886;2;M;2975;12,73
2887;2;M;2976;12,74
2888;2;M;2977;12,75
2889;2;M;2978;12,76
2890;2;M;2979;12,77
2891;2;M;2980;12,78
2892;2;M;2981;12,79
2893;2;M;2982;12,8
2894;2;M;2983;12,81
2895;2;M;2984;12,82
2896;2;M;2985;12,83
2897;2;M;2986;12,84
2898;2;M;2987;12,85
2899;2;M;2988;12,86
2900;2;M;2989;12,87
2901;2;M;2990;12,88
2902;2;M;2991;12,88
2903;2;M;2992;12,89
2904;2;M;2993;12,89
2905;2;M;2994;12,9
2906;2;M;2995;12,91
2907;2;M;2996;12,92
2908;2;M;2997;12,93
2909;2;M;2998;12,94
2910;2;M;2999;12,95
2911;2;M;3000;12,96
2912;2;M;3001;12,97
2913;2;M;3002;12,98
2914;2;M;3003;12,98
2915;2;M;3004;12,99
2916;2;M;3005;12,99
2917;2;M;3006;13
2918;2;M;3007;13
2919;2;M;3008;13,01
2920;2;M;3009;13,02
2921;2;M;3010;13,03
2922;2;M;3011;13,04
2923;2;M;3012;13,05
2924;2;M;3013;13,06
2925;2;M;3014;13,07
2926;2;M;3015;13,08
2927;2;M;3016;13,08
2928;2;M;3017;13,09
2929;2;M;3018;13,1
2930;2;M;3019;13,11
2931;2;M;3020;13,12
2932;2;M;3021;13,13
2933;2;M;3022;13,14
2934;2;M;3023;13,15
2935;2;M;3024;13,16
2936;2;M;3025;13,17
2937;2;M;3026;13,18
2938;2;M;3027;13,18
2939;2;M;3028;13,19
2940;2;M;3029;13,2
2941;2;M;3030;13,21
2942;2;M;3031;13,22
2943;2;M;3032;13,23
2944;2;M;3033;13,24
2945;2;M;3034;13,25
2946;2;M;3035;13,26
2947;2;M;3036;13,27
2948;2;M;3037;13,28
2949;2;M;3038;13,28
2950;2;M;3039;13,29
2951;2;M;3040;13,3
2952;2;M;3041;13,31
2953;2;M;3042;13,32
2954;2;M;3043;13,33
2955;2;M;3044;13,34
2956;2;M;3045;13,35
2957;2;M;3046;13,36
2958;2;M;3047;13,37
2959;2;M;3048;13,38
2960;2;M;3049;13,38
2961;2;M;3050;13,39
2962;2;M;3051;13,4
2963;2;M;3052;13,41
2964;2;M;3053;13,42
2965;2;M;3054;13,43
2966;2;M;3055;13,44
2967;2;M;3056;13,45
2968;2;M;3057;13,46
2969;2;M;3058;13,47
2970;2;M;3059;13,48
2971;2;M;3060;13,48
2972;2;M;3061;13,49
2973;2;M;3062;13,5
2974;2;M;3063;13,51
2975;2;M;3064;13,52
2976;2;M;3065;13,53
2977;2;M;3066;13,54
2978;2;M;3067;13,55
2979;2;M;3068;13,56
2980;2;M;3069;13,57
2981;2;M;3070;13,58
2982;2;M;3071;13,59
2983;2;M;3072;13,6
2984;2;M;3073;13,61
2985;2;M;3074;13,62
2986;2;M;3075;13,63
2987;2;M;3076;13,64
2988;2;M;3077;13,65
2989;2;M;3078;13,66
2990;2;M;3079;13,67
2991;2;M;3080;13,68
2992;2;M;3081;13,69
2993;2;M;3082;13,7
2994;2;M;3083;13,71
2995;2;M;3084;13,72
2996;2;M;3085;13,73
2997;2;M;3086;13,74
2998;2;M;3087;13,75
2999;2;M;3088;13,76
3000;2;M;3089;13,77
3001;2;M;3090;13,78
3002;2;M;3091;13,79
3003;2;M;3092;13,8
3004;2;M;3093;13,81
3005;2;M;3094;13,82
3006;2;M;3095;13,83
3007;2;M;3096;13,84
3008;2;M;3097;13,85
3009;2;M;3098;13,86
3010;2;M;3099;13,87
3011;2;M;3100;13,88
3012;2;M;3101;13,89
3013;2;M;3102;13,9
3014;2;M;3103;13,91
3015;2;M;3104;13,92
3016;2;M;3105;13,93
3017;2;M;3106;13,94
3018;2;M;3107;13,95
3019;2;M;3108;13,96
3020;2;M;3109;13,97
3021;2;M;3110;13,98
3022;2;M;3111;13,99
3023;2;M;3112;14
3024;2;M;3113;14,01
3025;2;M;3114;14,02
3026;2;M;3115;14,03
3027;2;M;3116;14,04
3028;2;M;3117;14,05
3029;2;M;3118;14,06
3030;2;M;3119;14,07
3031;2;M;3120;14,08
3032;2;M;3121;14,09
3033;2;M;3122;14,1
3034;2;M;3123;14,11
3035;2;M;3124;14,12
3036;2;M;3125;14,13
3037;2;M;3126;14,14
3038;2;M;3127;14,15
3039;2;M;3128;14,16
3040;2;M;3129;14,17
3041;2;M;3130;14,18
3042;2;M;3131;14,19
3043;2;M;3132;14,2
3044;2;M;3133;14,21
3045;2;M;3134;14,22
3046;2;M;3135;14,23
3047;2;M;3136;14,24
3048;2;M;3137;14,25
3049;2;M;3138;14,26
3050;2;M;3139;14,27
3051;2;M;3140;14,28
3052;2;M;3141;14,29
3053;2;M;3142;14,3
3054;2;M;3143;14,31
3055;2;M;3144;14,32
3056;2;M;3145;14,33
3057;2;M;3146;14,34
3058;2;M;3147;14,35
3059;2;M;3148;14,36
3060;2;M;3149;14,37
3061;2;M;3150;14,38
3062;2;M;3151;14,39
3063;2;M;3152;14,4
3064;2;M;3153;14,41
3065;2;M;3154;14,42
3066;2;M;3155;14,43
3067;2;M;3156;14,44
3068;2;M;3157;14,45
3069;2;M;3158;14,46
3070;2;M;3159;14,47
3071;2;M;3160;14,48
3072;2;M;3161;14,49
3073;2;M;3162;14,5
3074;2;M;3163;14,51
3075;2;M;3164;14,52
3076;2;M;3165;14,53
3077;2;M;3166;14,54
3078;2;M;3167;14,55
3079;2;M;3168;14,56
3080;2;M;3169;14,57
3081;2;M;3170;14,58
3082;2;M;3171;14,59
3083;2;M;3172;14,6
3084;2;M;3173;14,61
3085;2;M;3174;14,62
3086;2;M;3175;14,63
3087;2;M;3176;14,64
3088;2;M;3177;14,65
3089;2;M;3178;14,66
3090;2;M;3179;14,67
3091;2;M;3180;14,68
3092;2;M;3181;14,69
3093;2;M;3182;14,7
3094;2;M;3183;14,71
3095;2;M;3184;14,72
3096;2;M;3185;14,73
3097;2;M;3186;14,74
3098;2;M;3187;14,75
3099;2;M;3188;14,76
3100;2;M;3189;14,78
3101;2;M;3190;14,79
3102;2;M;3191;14,8
3103;2;M;3192;14,81
3104;2;M;3193;14,82
3105;2;M;3194;14,83
3106;2;M;3195;14,84
3107;2;M;3196;14,86
3108;2;M;3197;14,88
3109;2;M;3198;14,89
3110;2;M;3199;14,9
3111;2;M;3200;14,91
3112;2;M;3201;14,92
3113;2;M;3202;14,93
3114;2;M;3203;14,94
3115;2;M;3204;14,95
3116;2;M;3205;14,96
3117;2;M;3206;14,97
3118;2;M;3207;14,98
3119;2;M;3208;14,99
3120;2;M;3209;15
3121;2;M;3210;15,01
3122;2;M;3211;15,02
3123;2;M;3212;15,03
3124;2;M;3213;15,04
3125;2;M;3214;15,06
3126;2;M;3215;15,08
3127;2;M;3216;15,09
3128;2;M;3217;15,1
3129;2;M;3218;15,11
3130;2;M;3219;15,12
3131;2;M;3220;15,13
3132;2;M;3221;15,14
3133;2;M;3222;15,15
3134;2;M;3223;15,16
3135;2;M;3224;15,18
3136;2;M;3225;15,19
3137;2;M;3226;15,2
3138;2;M;3227;15,21
3139;2;M;3228;15,22
3140;2;M;3229;15,23
3141;2;M;3230;15,24
3142;2;M;3231;15,25
3143;2;M;3232;15,26
3144;2;M;3233;15,27
3145;2;M;3234;15,28
3146;2;M;3235;15,29
3147;2;M;3236;15,3
3148;2;M;3237;15,31
3149;2;M;3238;15,32
3150;2;M;3239;15,33
3151;2;M;3240;15,34
3152;2;M;3241;15,35
3153;2;M;3242;15,36
3154;2;M;3243;15,37
3155;2;M;3244;15,38
3156;2;M;3245;15,39
3157;2;M;3246;15,4
3158;2;M;3247;15,41
3159;2;M;3248;15,42
3160;2;M;3249;15,43
3161;2;M;3250;15,44
3162;2;M;3251;15,46
3163;2;M;3252;15,48
3164;2;M;3253;15,49
3165;2;M;3254;15,5
3166;2;M;3255;15,51
3167;2;M;3256;15,52
3168;2;M;3257;15,53
3169;2;M;3258;15,54
3170;2;M;3259;15,56
3171;2;M;3260;15,58
3172;2;M;3261;15,59
3173;2;M;3262;15,6
3174;2;M;3263;15,61
3175;2;M;3264;15,62
3176;2;M;3265;15,63
3177;2;M;3266;15,64
3178;2;M;3267;15,65
3179;2;M;3268;15,66
3180;2;M;3269;15,67
3181;2;M;3270;15,68
3182;2;M;3271;15,69
3183;2;M;3272;15,7
3184;2;M;3273;15,71
3185;2;M;3274;15,72
3186;2;M;3275;15,73
3187;2;M;3276;15,74
3188;2;M;3277;15,75
3189;2;M;3278;15,76
3190;2;M;3279;15,78
3191;2;M;3280;15,79
3192;2;M;3281;15,8
3193;2;M;3282;15,82
3194;2;M;3283;15,84
3195;2;M;3284;15,86
3196;2;M;3285;15,88
3197;2;M;3286;15,89
3198;2;M;3287;15,9
3199;2;M;3288;15,91
3200;2;M;3289;15,92
3201;2;M;3290;15,93
3202;2;M;3291;15,94
3203;2;M;3292;15,95
3204;2;M;3293;15,96
3205;2;M;3294;15,97
3206;2;M;3295;15,98
3207;2;M;3296;15,99
3208;2;M;3297;16
3209;2;M;3298;16,01
3210;2;M;3299;16,02
3211;2;M;3300;16,03
3212;2;M;3301;16,04
3213;2;M;3302;16,05
3214;2;M;3303;16,06
3215;2;M;3304;16,08
3216;2;M;3305;16,09
3217;2;M;3306;16,1
3218;2;M;3307;16,12
3219;2;M;3308;16,14
3220;2;M;3309;16,16
3221;2;M;3310;16,18
3222;2;M;3311;16,19
3223;2;M;3312;16,2
3224;2;M;3313;16,21
3225;2;M;3314;16,22
3226;2;M;3315;16,23
3227;2;M;3316;16,24
3228;2;M;3317;16,25
3229;2;M;3318;16,26
3230;2;M;3319;16,27
3231;2;M;3320;16,28
3232;2;M;3321;16,29
3233;2;M;3322;16,3
3234;2;M;3323;16,31
3235;2;M;3324;16,32
3236;2;M;3325;16,33
3237;2;M;3326;16,34
3238;2;M;3327;16,35
3239;2;M;3328;16,36
3240;2;M;3329;16,38
3241;2;M;3330;16,39
3242;2;M;3331;16,4
3243;2;M;3332;16,42
3244;2;M;3333;16,44
3245;2;M;3334;16,46
3246;2;M;3335;16,48
3247;2;M;3336;16,49
3248;2;M;3337;16,5
3249;2;M;3338;16,51
3250;2;M;3339;16,52
3251;2;M;3340;16,53
3252;2;M;3341;16,54
3253;2;M;3342;16,55
3254;2;M;3343;16,56
3255;2;M;3344;16,57
3256;2;M;3345;16,58
3257;2;M;3346;16,6
3258;2;M;3347;16,62
3259;2;M;3348;16,64
3260;2;M;3349;16,66
3261;2;M;3350;16,68
3262;2;M;3351;16,69
3263;2;M;3352;16,7
3264;2;M;3353;16,71
3265;2;M;3354;16,72
3266;2;M;3355;16,73
3267;2;M;3356;16,74
3268;2;M;3357;16,75
3269;2;M;3358;16,76
3270;2;M;3359;16,77
3271;2;M;3360;16,78
3272;2;M;3361;16,79
3273;2;M;3362;16,8
3274;2;M;3363;16,81
3275;2;M;3364;16,82
3276;2;M;3365;16,84
3277;2;M;3366;16,86
3278;2;M;3367;16,88
3279;2;M;3368;16,89
3280;2;M;3369;16,9
3281;2;M;3370;16,91
3282;2;M;3371;16,92
3283;2;M;3372;16,93
3284;2;M;3373;16,94
3285;2;M;3374;16,96
3286;2;M;3375;16,98
3287;2;M;3376;16,99
3288;2;M;3377;17
3289;2;M;3378;17,01
3290;2;M;3379;17,02
3291;2;M;3380;17,04
3292;2;M;3381;17,06
3293;2;M;3382;17,08
3294;2;M;3383;17,09
3295;2;M;3384;17,1
3296;2;M;3385;17,11
3297;2;M;3386;17,12
3298;2;M;3387;17,13
3299;2;M;3388;17,14
3300;2;M;3389;17,16
3301;2;M;3390;17,18
3302;2;M;3391;17,19
3303;2;M;3392;17,2
3304;2;M;3393;17,21
3305;2;M;3394;17,22
3306;2;M;3395;17,24
3307;2;M;3396;17,26
3308;2;M;3397;17,28
3309;2;M;3398;17,29
3310;2;M;3399;17,3
3311;2;M;3400;17,31
3312;2;M;3401;17,32
3313;2;M;3402;17,33
3314;2;M;3403;17,34
3315;2;M;3404;17,36
3316;2;M;3405;17,38
3317;2;M;3406;17,4
3318;2;M;3407;17,42
3319;2;M;3408;17,44
3320;2;M;3409;17,46
3321;2;M;3410;17,48
3322;2;M;3411;17,49
3323;2;M;3412;17,5
3324;2;M;3413;17,51
3325;2;M;3414;17,52
3326;2;M;3415;17,53
3327;2;M;3416;17,54
3328;2;M;3417;17,55
3329;2;M;3418;17,56
3330;2;M;3419;17,57
3331;2;M;3420;17,58
3332;2;M;3421;17,6
3333;2;M;3422;17,62
3334;2;M;3423;17,64
3335;2;M;3424;17,66
3336;2;M;3425;17,68
3337;2;M;3426;17,69
3338;2;M;3427;17,7
3339;2;M;3428;17,71
3340;2;M;3429;17,72
3341;2;M;3430;17,73
3342;2;M;3431;17,74
3343;2;M;3432;17,75
3344;2;M;3433;17,76
3345;2;M;3434;17,78
3346;2;M;3435;17,79
3347;2;M;3436;17,8
3348;2;M;3437;17,82
3349;2;M;3438;17,84
3350;2;M;3439;17,86
3351;2;M;3440;17,88
3352;2;M;3441;17,89
3353;2;M;3442;17,9
3354;2;M;3443;17,92
3355;2;M;3444;17,94
3356;2;M;3445;17,96
3357;2;M;3446;17,98
3358;2;M;3447;17,99
3359;2;M;3448;18
3360;2;M;3449;18,01
3361;2;M;3450;18,02
3362;2;M;3451;18,03
3363;2;M;3452;18,04
3364;2;M;3453;18,05
3365;2;M;3454;18,06
3366;2;M;3455;18,08
3367;2;M;3456;18,1
3368;2;M;3457;18,12
3369;2;M;3458;18,14
3370;2;M;3459;18,16
3371;2;M;3460;18,18
3372;2;M;3461;18,19
3373;2;M;3462;18,2
3374;2;M;3463;18,21
3375;2;M;3464;18,22
3376;2;M;3465;18,23
3377;2;M;3466;18,24
3378;2;M;3467;18,26
3379;2;M;3468;18,28
3380;2;M;3469;18,29
3381;2;M;3470;18,3
3382;2;M;3471;18,31
3383;2;M;3472;18,32
3384;2;M;3473;18,34
3385;2;M;3474;18,36
3386;2;M;3475;18,38
3387;2;M;3476;18,4
3388;2;M;3477;18,42
3389;2;M;3478;18,44
3390;2;M;3479;18,46
3391;2;M;3480;18,48
3392;2;M;3481;18,49
3393;2;M;3482;18,5
3394;2;M;3483;18,51
3395;2;M;3484;18,52
3396;2;M;3485;18,53
3397;2;M;3486;18,54
3398;2;M;3487;18,55
3399;2;M;3488;18,56
3400;2;M;3489;18,57
3401;2;M;3490;18,58
3402;2;M;3491;18,6
3403;2;M;3492;18,62
3404;2;M;3493;18,64
3405;2;M;3494;18,66
3406;2;M;3495;18,68
3407;2;M;3496;18,7
3408;2;M;3497;18,72
3409;2;M;3498;18,74
3410;2;M;3499;18,76
3411;2;M;3500;18,78
3412;2;M;3501;18,79
3413;2;M;3502;18,8
3414;2;M;3503;18,81
3415;2;M;3504;18,82
3416;2;M;3505;18,83
3417;2;M;3506;18,84
3418;2;M;3507;18,85
3419;2;M;3508;18,86
3420;2;M;3509;18,87
3421;2;M;3510;18,88
3422;2;M;3511;18,9
3423;2;M;3512;18,92
3424;2;M;3513;18,94
3425;2;M;3514;18,96
3426;2;M;3515;18,98
3427;2;M;3516;19
3428;2;M;3517;19,02
3429;2;M;3518;19,04
3430;2;M;3519;19,06
3431;2;M;3520;19,08
3432;2;M;3521;19,09
3433;2;M;3522;19,1
3434;2;M;3523;19,11
3435;2;M;3524;19,12
3436;2;M;3525;19,13
3437;2;M;3526;19,14
3438;2;M;3527;19,16
3439;2;M;3528;19,18
3440;2;M;3529;19,19
3441;2;M;3530;19,2
3442;2;M;3531;19,21
3443;2;M;3532;19,22
3444;2;M;3533;19,24
3445;2;M;3534;19,26
3446;2;M;3535;19,28
3447;2;M;3536;19,3
3448;2;M;3537;19,32
3449;2;M;3538;19,34
3450;2;M;3539;19,36
3451;2;M;3540;19,38
3452;2;M;3541;19,4
3453;2;M;3542;19,42
3454;2;M;3543;19,44
3455;2;M;3544;19,46
3456;2;M;3545;19,48
3457;2;M;3546;19,5
3458;2;M;3547;19,52
3459;2;M;3548;19,53
3460;2;M;3549;19,54
3461;2;M;3550;19,55
3462;2;M;3551;19,56
3463;2;M;3552;19,57
3464;2;M;3553;19,58
3465;2;M;3554;19,59
3466;2;M;3555;19,6
3467;2;M;3556;19,61
3468;2;M;3557;19,62
3469;2;M;3558;19,64
3470;2;M;3559;19,66
3471;2;M;3560;19,68
3472;2;M;3561;19,7
3473;2;M;3562;19,72
3474;2;M;3563;19,74
3475;2;M;3564;19,76
3476;2;M;3565;19,78
3477;2;M;3566;19,8
3478;2;M;3567;19,82
3479;2;M;3568;19,84
3480;2;M;3569;19,86
3481;2;M;3570;19,88
3482;2;M;3571;19,89
3483;2;M;3572;19,9
3484;2;M;3573;19,92
3485;2;M;3574;19,94
3486;2;M;3575;19,96
3487;2;M;3576;19,98
3488;2;M;3577;20
3489;2;M;3488;19,56
3490;2;M;3489;19,57
3491;2;M;3490;19,58
3492;2;M;3491;19,6
3493;2;M;3492;19,62
3494;2;M;3493;19,64
3495;2;M;3494;19,66
3496;2;M;3495;19,68
3497;2;M;3496;19,7
3498;2;M;3497;19,72
3499;2;M;3498;19,74
3500;2;M;3499;19,76
3501;2;M;3500;19,78
3502;2;M;3501;19,79
3503;2;M;3502;19,8
3504;2;M;3503;19,81
3505;2;M;3504;19,82
3506;2;M;3505;19,83
3507;2;M;3506;19,84
3508;2;M;3507;19,85
3509;2;M;3508;19,86
3510;2;M;3509;19,87
3511;2;M;3510;19,88
3512;2;M;3511;19,9
3513;2;M;3512;19,92
3514;2;M;3513;19,94
3515;2;M;3514;19,96
3516;2;M;3515;19,98
3517;2;M;3516;20
3518;2;M;3517;20
3519;2;M;3518;20
3520;2;M;3519;20
3521;2;M;3520;20
3522;2;M;3521;20
3523;2;M;3522;20
3524;2;M;3523;20
3525;2;M;3524;20
3526;2;M;3525;20
3527;2;M;3526;20
3528;2;M;3527;20
3529;2;M;3528;20
3530;2;M;3529;20
3531;2;M;3530;20
3532;2;M;3531;20
3533;2;M;3532;20
3534;2;M;3533;20
3535;2;M;3534;20
3536;2;M;3535;20
3537;2;M;3536;20
3538;2;M;3537;20
3539;2;M;3538;20
3540;2;M;3539;20
3541;2;M;3540;20
3542;2;F;2119;0
3543;2;F;2120;1,18
3544;2;F;2121;1,23
3545;2;F;2122;1,28
3546;2;F;2123;1,33
3547;2;F;2124;1,38
3548;2;F;2125;1,43
3549;2;F;2126;1,48
3550;2;F;2127;1,53
3551;2;F;2128;1,58
3552;2;F;2129;1,63
3553;2;F;2130;1,68
3554;2;F;2131;1,73
3555;2;F;2132;1,78
3556;2;F;2133;1,83
3557;2;F;2134;1,88
3558;2;F;2135;1,93
3559;2;F;2136;1,98
3560;2;F;2137;2,03
3561;2;F;2138;2,08
3562;2;F;2139;2,13
3563;2;F;2140;2,18
3564;2;F;2141;2,23
3565;2;F;2142;2,28
3566;2;F;2143;2,33
3567;2;F;2144;2,38
3568;2;F;2145;2,43
3569;2;F;2146;2,48
3570;2;F;2147;2,53
3571;2;F;2148;2,58
3572;2;F;2149;2,63
3573;2;F;2150;2,68
3574;2;F;2151;2,73
3575;2;F;2152;2,78
3576;2;F;2153;2,83
3577;2;F;2154;2,88
3578;2;F;2155;2,93
3579;2;F;2156;2,98
3580;2;F;2157;3,04
3581;2;F;2158;3,08
3582;2;F;2159;3,13
3583;2;F;2160;3,18
3584;2;F;2161;3,23
3585;2;F;2162;3,28
3586;2;F;2163;3,33
3587;2;F;2164;3,47
3588;2;F;2165;3,43
3589;2;F;2166;3,48
3590;2;F;2167;3,53
3591;2;F;2168;3,58
3592;2;F;2169;3,63
3593;2;F;2170;3,68
3594;2;F;2171;3,73
3595;2;F;2172;3,78
3596;2;F;2173;3,83
3597;2;F;2174;3,88
3598;2;F;2175;3,93
3599;2;F;2176;3,98
3600;2;F;2177;4,03
3601;2;F;2178;4,08
3602;2;F;2179;4,13
3603;2;F;2180;4,18
3604;2;F;2181;4,18
3605;2;F;2182;4,23
3606;2;F;2183;4,28
3607;2;F;2184;4,33
3608;2;F;2185;4,38
3609;2;F;2186;4,43
3610;2;F;2187;4,48
3611;2;F;2188;4,53
3612;2;F;2189;4,58
3613;2;F;2190;4,63
3614;2;F;2191;4,68
3615;2;F;2192;4,73
3616;2;F;2193;4,78
3617;2;F;2194;4,83
3618;2;F;2195;4,88
3619;2;F;2196;4,93
3620;2;F;2197;4,98
3621;2;F;2198;5,03
3622;2;F;2199;5,08
3623;2;F;2200;5,13
3624;2;F;2201;5,18
3625;2;F;2202;5,23
3626;2;F;2203;5,28
3627;2;F;2204;5,33
3628;2;F;2205;5,38
3629;2;F;2206;5,43
3630;2;F;2207;5,48
3631;2;F;2208;5,53
3632;2;F;2209;5,58
3633;2;F;2210;5,63
3634;2;F;2211;5,68
3635;2;F;2212;5,73
3636;2;F;2213;5,78
3637;2;F;2214;5,83
3638;2;F;2215;5,88
3639;2;F;2216;5,93
3640;2;F;2217;5,98
3641;2;F;2218;6,03
3642;2;F;2219;6,08
3643;2;F;2220;6,13
3644;2;F;2221;6,18
3645;2;F;2222;6,23
3646;2;F;2223;6,28
3647;2;F;2224;6,33
3648;2;F;2225;6,38
3649;2;F;2226;6,43
3650;2;F;2227;6,48
3651;2;F;2228;6,53
3652;2;F;2229;6,58
3653;2;F;2230;6,63
3654;2;F;2231;6,68
3655;2;F;2232;6,73
3656;2;F;2233;6,78
3657;2;F;2234;6,83
3658;2;F;2235;6,88
3659;2;F;2236;6,93
3660;2;F;2237;6,98
3661;2;F;2238;7,03
3662;2;F;2239;7,08
3663;2;F;2240;7,13
3664;2;F;2241;7,18
3665;2;F;2242;7,23
3666;2;F;2243;7,28
3667;2;F;2244;7,33
3668;2;F;2245;7,38
3669;2;F;2246;7,43
3670;2;F;2247;7,48
3671;2;F;2248;7,53
3672;2;F;2249;7,58
3673;2;F;2250;7,63
3674;2;F;2251;7,68
3675;2;F;2252;7,73
3676;2;F;2253;7,78
3677;2;F;2254;7,83
3678;2;F;2255;7,88
3679;2;F;2256;7,93
3680;2;F;2257;7,98
3681;2;F;2258;8,03
3682;2;F;2259;8,08
3683;2;F;2260;8,13
3684;2;F;2261;8,18
3685;2;F;2262;8,23
3686;2;F;2263;8,28
3687;2;F;2264;8,33
3688;2;F;2265;8,38
3689;2;F;2266;8,43
3690;2;F;2267;8,48
3691;2;F;2268;8,53
3692;2;F;2269;8,58
3693;2;F;2270;8,63
3694;2;F;2271;8,68
3695;2;F;2272;8,73
3696;2;F;2273;8,78
3697;2;F;2274;8,83
3698;2;F;2275;8,88
3699;2;F;2276;8,93
3700;2;F;2277;8,98
3701;2;F;2278;9,03
3702;2;F;2279;9,08
3703;2;F;2280;9,13
3704;2;F;2281;9,18
3705;2;F;2282;9,23
3706;2;F;2283;9,28
3707;2;F;2284;9,33
3708;2;F;2285;9,38
3709;2;F;2286;9,43
3710;2;F;2287;9,48
3711;2;F;2288;9,53
3712;2;F;2289;9,58
3713;2;F;2290;9,63
3714;2;F;2291;9,68
3715;2;F;2292;9,73
3716;2;F;2293;9,78
3717;2;F;2294;9,83
3718;2;F;2295;9,88
3719;2;F;2296;9,93
3720;2;F;2297;9,98
3721;2;F;2298;10,03
3722;2;F;2299;10,08
3723;2;F;2300;10,13
3724;2;F;2301;10,18
3725;2;F;2302;10,19
3726;2;F;2303;10,19
3727;2;F;2304;10,2
3728;2;F;2305;10,21
3729;2;F;2306;10,22
3730;2;F;2307;10,23
3731;2;F;2308;10,24
3732;2;F;2309;10,25
3733;2;F;2310;10,26
3734;2;F;2311;10,27
3735;2;F;2312;10,28
3736;2;F;2313;10,28
3737;2;F;2314;10,29
3738;2;F;2315;10,29
3739;2;F;2316;10,3
3740;2;F;2317;10,31
3741;2;F;2318;10,32
3742;2;F;2319;10,33
3743;2;F;2320;10,34
3744;2;F;2321;10,35
3745;2;F;2322;10,36
3746;2;F;2323;10,37
3747;2;F;2324;10,38
3748;2;F;2325;10,38
3749;2;F;2326;10,39
3750;2;F;2327;10,39
3751;2;F;2328;10,4
3752;2;F;2329;10,41
3753;2;F;2330;10,42
3754;2;F;2331;10,43
3755;2;F;2332;10,44
3756;2;F;2333;10,45
3757;2;F;2334;10,46
3758;2;F;2335;10,47
3759;2;F;2336;10,48
3760;2;F;2337;10,48
3761;2;F;2338;10,49
3762;2;F;2339;10,49
3763;2;F;2340;10,5
3764;2;F;2341;10,51
3765;2;F;2342;10,52
3766;2;F;2343;10,53
3767;2;F;2344;10,54
3768;2;F;2345;10,55
3769;2;F;2346;10,56
3770;2;F;2347;10,57
3771;2;F;2348;10,58
3772;2;F;2349;10,58
3773;2;F;2350;10,59
3774;2;F;2351;10,59
3775;2;F;2352;10,6
3776;2;F;2353;10,6
3777;2;F;2354;10,61
3778;2;F;2355;10,61
3779;2;F;2356;10,62
3780;2;F;2357;10,63
3781;2;F;2358;10,64
3782;2;F;2359;10,65
3783;2;F;2360;10,66
3784;2;F;2361;10,67
3785;2;F;2362;10,68
3786;2;F;2363;10,68
3787;2;F;2364;10,69
3788;2;F;2365;10,7
3789;2;F;2366;10,71
3790;2;F;2367;10,72
3791;2;F;2368;10,73
3792;2;F;2369;10,74
3793;2;F;2370;10,75
3794;2;F;2371;10,76
3795;2;F;2372;10,77
3796;2;F;2373;10,78
3797;2;F;2374;10,78
3798;2;F;2375;10,79
3799;2;F;2376;10,8
3800;2;F;2377;10,81
3801;2;F;2378;10,82
3802;2;F;2379;10,83
3803;2;F;2380;10,84
3804;2;F;2381;10,85
3805;2;F;2382;10,86
3806;2;F;2383;10,87
3807;2;F;2384;10,88
3808;2;F;2385;10,88
3809;2;F;2386;10,89
3810;2;F;2387;10,9
3811;2;F;2388;10,91
3812;2;F;2389;10,92
3813;2;F;2390;10,93
3814;2;F;2391;10,94
3815;2;F;2392;10,95
3816;2;F;2393;10,96
3817;2;F;2394;10,97
3818;2;F;2395;10,98
3819;2;F;2396;10,98
3820;2;F;2397;10,99
3821;2;F;2398;11
3822;2;F;2399;11,01
3823;2;F;2400;11,02
3824;2;F;2401;11,03
3825;2;F;2402;11,04
3826;2;F;2403;11,05
3827;2;F;2404;11,06
3828;2;F;2405;11,07
3829;2;F;2406;11,08
3830;2;F;2407;11,09
3831;2;F;2408;11,1
3832;2;F;2409;11,11
3833;2;F;2410;11,12
3834;2;F;2411;11,13
3835;2;F;2412;11,14
3836;2;F;2413;11,15
3837;2;F;2414;11,16
3838;2;F;2415;11,17
3839;2;F;2416;11,18
3840;2;F;2417;11,18
3841;2;F;2418;11,19
3842;2;F;2419;11,2
3843;2;F;2420;11,21
3844;2;F;2421;11,22
3845;2;F;2422;11,23
3846;2;F;2423;11,24
3847;2;F;2424;11,25
3848;2;F;2425;11,26
3849;2;F;2426;11,27
3850;2;F;2427;11,28
3851;2;F;2428;11,29
3852;2;F;2429;11,3
3853;2;F;2430;11,31
3854;2;F;2431;11,32
3855;2;F;2432;11,33
3856;2;F;2433;11,34
3857;2;F;2434;11,35
3858;2;F;2435;11,36
3859;2;F;2436;11,37
3860;2;F;2437;11,38
3861;2;F;2438;11,38
3862;2;F;2439;11,39
3863;2;F;2440;11,4
3864;2;F;2441;11,41
3865;2;F;2442;11,42
3866;2;F;2443;11,43
3867;2;F;2444;11,44
3868;2;F;2445;11,45
3869;2;F;2446;11,46
3870;2;F;2447;11,47
3871;2;F;2448;11,48
3872;2;F;2449;11,49
3873;2;F;2450;11,5
3874;2;F;2451;11,51
3875;2;F;2452;11,52
3876;2;F;2453;11,53
3877;2;F;2454;11,54
3878;2;F;2455;11,55
3879;2;F;2456;11,56
3880;2;F;2457;11,57
3881;2;F;2458;11,58
3882;2;F;2459;11,59
3883;2;F;2460;11,6
3884;2;F;2461;11,61
3885;2;F;2462;11,62
3886;2;F;2463;11,63
3887;2;F;2464;11,64
3888;2;F;2465;11,65
3889;2;F;2466;11,66
3890;2;F;2467;11,67
3891;2;F;2468;11,68
3892;2;F;2469;11,69
3893;2;F;2470;11,7
3894;2;F;2471;11,71
3895;2;F;2472;11,72
3896;2;F;2473;11,73
3897;2;F;2474;11,74
3898;2;F;2475;11,75
3899;2;F;2476;11,76
3900;2;F;2477;11,77
3901;2;F;2478;11,78
3902;2;F;2479;11,79
3903;2;F;2480;11,8
3904;2;F;2481;11,81
3905;2;F;2482;11,82
3906;2;F;2483;11,83
3907;2;F;2484;11,84
3908;2;F;2485;11,85
3909;2;F;2486;11,86
3910;2;F;2487;11,87
3911;2;F;2488;11,88
3912;2;F;2489;11,89
3913;2;F;2490;11,9
3914;2;F;2491;11,91
3915;2;F;2492;11,92
3916;2;F;2493;11,93
3917;2;F;2494;11,94
3918;2;F;2495;11,95
3919;2;F;2496;11,96
3920;2;F;2497;11,97
3921;2;F;2498;11,98
3922;2;F;2499;11,99
3923;2;F;2500;12
3924;2;F;2501;12,01
3925;2;F;2502;12,02
3926;2;F;2503;12,03
3927;2;F;2504;12,04
3928;2;F;2505;12,05
3929;2;F;2506;12,06
3930;2;F;2507;12,07
3931;2;F;2508;12,08
3932;2;F;2509;12,09
3933;2;F;2510;12,1
3934;2;F;2511;12,11
3935;2;F;2512;12,12
3936;2;F;2513;12,13
3937;2;F;2514;12,14
3938;2;F;2515;12,16
3939;2;F;2516;12,18
3940;2;F;2517;12,19
3941;2;F;2518;12,2
3942;2;F;2519;12,21
3943;2;F;2520;12,22
3944;2;F;2521;12,23
3945;2;F;2522;12,24
3946;2;F;2523;12,25
3947;2;F;2524;12,26
3948;2;F;2525;12,27
3949;2;F;2526;12,28
3950;2;F;2527;12,29
3951;2;F;2528;12,3
3952;2;F;2529;12,31
3953;2;F;2530;12,32
3954;2;F;2531;12,33
3955;2;F;2532;12,34
3956;2;F;2533;12,36
3957;2;F;2534;12,38
3958;2;F;2535;12,39
3959;2;F;2536;12,4
3960;2;F;2537;12,41
3961;2;F;2538;12,42
3962;2;F;2539;12,43
3963;2;F;2540;12,44
3964;2;F;2541;12,45
3965;2;F;2542;12,46
3966;2;F;2543;12,47
3967;2;F;2544;12,48
3968;2;F;2545;12,49
3969;2;F;2546;12,5
3970;2;F;2547;12,51
3971;2;F;2548;12,52
3972;2;F;2549;12,53
3973;2;F;2550;12,54
3974;2;F;2551;12,56
3975;2;F;2552;12,58
3976;2;F;2553;12,59
3977;2;F;2554;12,6
3978;2;F;2555;12,61
3979;2;F;2556;12,62
3980;2;F;2557;12,63
3981;2;F;2558;12,64
3982;2;F;2559;12,65
3983;2;F;2560;12,66
3984;2;F;2561;12,67
3985;2;F;2562;12,68
3986;2;F;2563;12,69
3987;2;F;2564;12,7
3988;2;F;2565;12,71
3989;2;F;2566;12,72
3990;2;F;2567;12,73
3991;2;F;2568;12,74
3992;2;F;2569;12,76
3993;2;F;2570;12,78
3994;2;F;2571;12,79
3995;2;F;2572;12,8
3996;2;F;2573;12,81
3997;2;F;2574;12,82
3998;2;F;2575;12,83
3999;2;F;2576;12,84
4000;2;F;2577;12,85
4001;2;F;2578;12,86
4002;2;F;2579;12,87
4003;2;F;2580;12,88
4004;2;F;2581;12,89
4005;2;F;2582;12,9
4006;2;F;2583;12,91
4007;2;F;2584;12,92
4008;2;F;2585;12,93
4009;2;F;2586;12,94
4010;2;F;2587;12,96
4011;2;F;2588;12,98
4012;2;F;2589;12,99
4013;2;F;2590;13
4014;2;F;2591;13,01
4015;2;F;2592;13,02
4016;2;F;2593;13,03
4017;2;F;2594;13,04
4018;2;F;2595;13,05
4019;2;F;2596;13,06
4020;2;F;2597;13,07
4021;2;F;2598;13,08
4022;2;F;2599;13,09
4023;2;F;2600;13,1
4024;2;F;2601;13,11
4025;2;F;2602;13,12
4026;2;F;2603;13,13
4027;2;F;2604;13,14
4028;2;F;2605;13,16
4029;2;F;2606;13,18
4030;2;F;2607;13,19
4031;2;F;2608;13,2
4032;2;F;2609;13,21
4033;2;F;2610;13,22
4034;2;F;2611;13,24
4035;2;F;2612;13,26
4036;2;F;2613;13,28
4037;2;F;2614;13,29
4038;2;F;2615;13,3
4039;2;F;2616;13,31
4040;2;F;2617;13,32
4041;2;F;2618;13,33
4042;2;F;2619;13,34
4043;2;F;2620;13,35
4044;2;F;2621;13,36
4045;2;F;2622;13,37
4046;2;F;2623;13,38
4047;2;F;2624;13,39
4048;2;F;2625;13,4
4049;2;F;2626;13,41
4050;2;F;2627;13,42
4051;2;F;2628;13,44
4052;2;F;2629;13,46
4053;2;F;2630;13,48
4054;2;F;2631;13,49
4055;2;F;2632;13,5
4056;2;F;2633;13,51
4057;2;F;2634;13,52
4058;2;F;2635;13,54
4059;2;F;2636;13,56
4060;2;F;2637;13,58
4061;2;F;2638;13,59
4062;2;F;2639;13,6
4063;2;F;2640;13,61
4064;2;F;2641;13,62
4065;2;F;2642;13,63
4066;2;F;2643;13,64
4067;2;F;2644;13,65
4068;2;F;2645;13,66
4069;2;F;2646;13,67
4070;2;F;2647;13,68
4071;2;F;2648;13,69
4072;2;F;2649;13,7
4073;2;F;2650;13,71
4074;2;F;2651;13,72
4075;2;F;2652;13,74
4076;2;F;2653;13,76
4077;2;F;2654;13,78
4078;2;F;2655;13,79
4079;2;F;2656;13,8
4080;2;F;2657;13,81
4081;2;F;2658;13,82
4082;2;F;2659;13,84
4083;2;F;2660;13,86
4084;2;F;2661;13,88
4085;2;F;2662;13,89
4086;2;F;2663;13,9
4087;2;F;2664;13,91
4088;2;F;2665;13,92
4089;2;F;2666;13,93
4090;2;F;2667;13,94
4091;2;F;2668;13,95
4092;2;F;2669;13,96
4093;2;F;2670;13,97
4094;2;F;2671;13,98
4095;2;F;2672;13,99
4096;2;F;2673;14
4097;2;F;2674;14,01
4098;2;F;2675;14,02
4099;2;F;2676;14,04
4100;2;F;2677;14,06
4101;2;F;2678;14,08
4102;2;F;2679;14,09
4103;2;F;2680;14,1
4104;2;F;2681;14,12
4105;2;F;2682;14,14
4106;2;F;2683;14,16
4107;2;F;2684;14,18
4108;2;F;2685;14,19
4109;2;F;2686;14,2
4110;2;F;2687;14,21
4111;2;F;2688;14,22
4112;2;F;2689;14,24
4113;2;F;2690;14,26
4114;2;F;2691;14,28
4115;2;F;2692;14,29
4116;2;F;2693;14,3
4117;2;F;2694;14,31
4118;2;F;2695;14,32
4119;2;F;2696;14,33
4120;2;F;2697;14,34
4121;2;F;2698;14,35
4122;2;F;2699;14,36
4123;2;F;2700;14,37
4124;2;F;2701;14,38
4125;2;F;2702;14,39
4126;2;F;2703;14,4
4127;2;F;2704;14,41
4128;2;F;2705;14,42
4129;2;F;2706;14,44
4130;2;F;2707;14,46
4131;2;F;2708;14,48
4132;2;F;2709;14,49
4133;2;F;2710;14,5
4134;2;F;2711;14,52
4135;2;F;2712;14,54
4136;2;F;2713;14,56
4137;2;F;2714;14,58
4138;2;F;2715;14,59
4139;2;F;2716;14,6
4140;2;F;2717;14,62
4141;2;F;2718;14,64
4142;2;F;2719;14,66
4143;2;F;2720;14,68
4144;2;F;2721;14,69
4145;2;F;2722;14,7
4146;2;F;2723;14,71
4147;2;F;2724;14,72
4148;2;F;2725;14,73
4149;2;F;2726;14,74
4150;2;F;2727;14,75
4151;2;F;2728;14,76
4152;2;F;2729;14,78
4153;2;F;2730;14,79
4154;2;F;2731;14,8
4155;2;F;2732;14,81
4156;2;F;2733;14,82
4157;2;F;2734;14,83
4158;2;F;2735;14,84
4159;2;F;2736;14,86
4160;2;F;2737;14,88
4161;2;F;2738;14,89
4162;2;F;2739;14,9
4163;2;F;2740;14,91
4164;2;F;2741;14,92
4165;2;F;2742;14,94
4166;2;F;2743;14,96
4167;2;F;2744;14,98
4168;2;F;2745;14,99
4169;2;F;2746;15
4170;2;F;2747;15,02
4171;2;F;2748;15,04
4172;2;F;2749;15,06
4173;2;F;2750;15,08
4174;2;F;2751;15,09
4175;2;F;2752;15,1
4176;2;F;2753;15,12
4177;2;F;2754;15,14
4178;2;F;2755;15,16
4179;2;F;2756;15,18
4180;2;F;2757;15,19
4181;2;F;2758;15,2
4182;2;F;2759;15,22
4183;2;F;2760;15,24
4184;2;F;2761;15,26
4185;2;F;2762;15,28
4186;2;F;2763;15,29
4187;2;F;2764;15,3
4188;2;F;2765;15,31
4189;2;F;2766;15,32
4190;2;F;2767;15,34
4191;2;F;2768;15,36
4192;2;F;2769;15,38
4193;2;F;2770;15,39
4194;2;F;2771;15,4
4195;2;F;2772;15,41
4196;2;F;2773;15,42
4197;2;F;2774;15,43
4198;2;F;2775;15,44
4199;2;F;2776;15,46
4200;2;F;2777;15,48
4201;2;F;2778;15,49
4202;2;F;2779;15,5
4203;2;F;2780;15,51
4204;2;F;2781;15,52
4205;2;F;2782;15,53
4206;2;F;2783;15,54
4207;2;F;2784;15,56
4208;2;F;2785;15,58
4209;2;F;2786;15,59
4210;2;F;2787;15,6
4211;2;F;2788;15,61
4212;2;F;2789;15,62
4213;2;F;2790;15,64
4214;2;F;2791;15,66
4215;2;F;2792;15,68
4216;2;F;2793;15,69
4217;2;F;2794;15,7
4218;2;F;2795;15,72
4219;2;F;2796;15,74
4220;2;F;2797;15,76
4221;2;F;2798;15,78
4222;2;F;2799;15,79
4223;2;F;2800;15,8
4224;2;F;2801;15,82
4225;2;F;2802;15,84
4226;2;F;2803;15,86
4227;2;F;2804;15,88
4228;2;F;2805;15,89
4229;2;F;2806;15,9
4230;2;F;2807;15,92
4231;2;F;2808;15,94
4232;2;F;2809;15,96
4233;2;F;2810;15,98
4234;2;F;2811;15,99
4235;2;F;2812;16
4236;2;F;2813;16,02
4237;2;F;2814;16,04
4238;2;F;2815;16,06
4239;2;F;2816;16,08
4240;2;F;2817;16,09
4241;2;F;2818;16,1
4242;2;F;2819;16,12
4243;2;F;2820;16,14
4244;2;F;2821;16,16
4245;2;F;2822;16,18
4246;2;F;2823;16,19
4247;2;F;2824;16,2
4248;2;F;2825;16,22
4249;2;F;2826;16,24
4250;2;F;2827;16,26
4251;2;F;2828;16,28
4252;2;F;2829;16,29
4253;2;F;2830;16,3
4254;2;F;2831;16,32
4255;2;F;2832;16,34
4256;2;F;2833;16,36
4257;2;F;2834;16,38
4258;2;F;2835;16,39
4259;2;F;2836;16,4
4260;2;F;2837;16,42
4261;2;F;2838;16,44
4262;2;F;2839;16,46
4263;2;F;2840;16,48
4264;2;F;2841;16,49
4265;2;F;2842;16,5
4266;2;F;2843;16,52
4267;2;F;2844;16,54
4268;2;F;2845;16,56
4269;2;F;2846;16,58
4270;2;F;2847;16,59
4271;2;F;2848;16,6
4272;2;F;2849;16,62
4273;2;F;2850;16,64
4274;2;F;2851;16,66
4275;2;F;2852;16,68
4276;2;F;2853;16,69
4277;2;F;2854;16,7
4278;2;F;2855;16,72
4279;2;F;2856;16,74
4280;2;F;2857;16,76
4281;2;F;2858;16,78
4282;2;F;2859;16,79
4283;2;F;2860;16,8
4284;2;F;2861;16,82
4285;2;F;2862;16,84
4286;2;F;2863;16,86
4287;2;F;2864;16,88
4288;2;F;2865;16,89
4289;2;F;2866;16,9
4290;2;F;2867;16,92
4291;2;F;2868;16,94
4292;2;F;2869;16,96
4293;2;F;2870;16,98
4294;2;F;2871;16,99
4295;2;F;2872;17
4296;2;F;2873;17,02
4297;2;F;2874;17,04
4298;2;F;2875;17,06
4299;2;F;2876;17,08
4300;2;F;2877;17,09
4301;2;F;2878;17,1
4302;2;F;2879;17,12
4303;2;F;2880;17,14
4304;2;F;2881;17,16
4305;2;F;2882;17,18
4306;2;F;2883;17,19
4307;2;F;2884;17,2
4308;2;F;2885;17,22
4309;2;F;2886;17,24
4310;2;F;2887;17,26
4311;2;F;2888;17,28
4312;2;F;2889;17,29
4313;2;F;2890;17,3
4314;2;F;2891;17,32
4315;2;F;2892;17,34
4316;2;F;2893;17,36
4317;2;F;2894;17,38
4318;2;F;2895;17,39
4319;2;F;2896;17,4
4320;2;F;2897;17,42
4321;2;F;2898;17,44
4322;2;F;2899;17,46
4323;2;F;2900;17,48
4324;2;F;2901;17,49
4325;2;F;2902;17,5
4326;2;F;2903;17,52
4327;2;F;2904;17,54
4328;2;F;2905;17,56
4329;2;F;2906;17,58
4330;2;F;2907;17,59
4331;2;F;2908;17,6
4332;2;F;2909;17,62
4333;2;F;2910;17,64
4334;2;F;2911;17,66
4335;2;F;2912;17,68
4336;2;F;2913;17,69
4337;2;F;2914;17,7
4338;2;F;2915;17,72
4339;2;F;2916;17,74
4340;2;F;2917;17,76
4341;2;F;2918;17,78
4342;2;F;2919;17,79
4343;2;F;2920;17,8
4344;2;F;2921;17,82
4345;2;F;2922;17,84
4346;2;F;2923;17,86
4347;2;F;2924;17,88
4348;2;F;2925;17,89
4349;2;F;2926;17,9
4350;2;F;2927;17,92
4351;2;F;2928;17,94
4352;2;F;2929;17,96
4353;2;F;2930;17,98
4354;2;F;2931;18
4355;2;F;2932;18,02
4356;2;F;2933;18,04
4357;2;F;2934;18,06
4358;2;F;2935;18,08
4359;2;F;2936;18,13
4360;2;F;2937;18,18
4361;2;F;2938;18,2
4362;2;F;2939;18,22
4363;2;F;2940;18,24
4364;2;F;2941;18,26
4365;2;F;2942;18,28
4366;2;F;2943;18,29
4367;2;F;2944;18,3
4368;2;F;2945;18,32
4369;2;F;2946;18,34
4370;2;F;2947;18,36
4371;2;F;2948;18,38
4372;2;F;2949;18,39
4373;2;F;2950;18,4
4374;2;F;2951;18,42
4375;2;F;2952;18,44
4376;2;F;2953;18,46
4377;2;F;2954;18,48
4378;2;F;2955;18,49
4379;2;F;2956;18,5
4380;2;F;2957;18,52
4381;2;F;2958;18,54
4382;2;F;2959;18,56
4383;2;F;2960;18,58
4384;2;F;2961;18,59
4385;2;F;2962;18,6
4386;2;F;2963;18,62
4387;2;F;2964;18,64
4388;2;F;2965;18,66
4389;2;F;2966;18,68
4390;2;F;2967;18,73
4391;2;F;2968;18,78
4392;2;F;2969;18,8
4393;2;F;2970;18,82
4394;2;F;2971;18,84
4395;2;F;2972;18,86
4396;2;F;2973;18,88
4397;2;F;2974;18,9
4398;2;F;2975;18,92
4399;2;F;2976;18,94
4400;2;F;2977;18,96
4401;2;F;2978;18,98
4402;2;F;2979;18,99
4403;2;F;2980;19
4404;2;F;2981;19,02
4405;2;F;2982;19,04
4406;2;F;2983;19,06
4407;2;F;2984;19,08
4408;2;F;2985;19,1
4409;2;F;2986;19,12
4410;2;F;2987;19,14
4411;2;F;2988;19,16
4412;2;F;2989;19,18
4413;2;F;2990;19,2
4414;2;F;2991;19,22
4415;2;F;2992;19,24
4416;2;F;2993;19,26
4417;2;F;2994;19,28
4418;2;F;2995;19,33
4419;2;F;2996;19,38
4420;2;F;2997;19,39
4421;2;F;2998;19,4
4422;2;F;2999;19,42
4423;2;F;3000;19,44
4424;2;F;3001;19,46
4425;2;F;3002;19,48
4426;2;F;3003;19,49
4427;2;F;3004;19,5
4428;2;F;3005;19,52
4429;2;F;3006;19,54
4430;2;F;3007;19,56
4431;2;F;3008;19,58
4432;2;F;3009;19,6
4433;2;F;3010;19,62
4434;2;F;3011;19,64
4435;2;F;3012;19,66
4436;2;F;3013;19,68
4437;2;F;3014;19,73
4438;2;F;3015;19,78
4439;2;F;3016;19,8
4440;2;F;3017;19,82
4441;2;F;3018;19,84
4442;2;F;3019;19,86
4443;2;F;3020;19,88
4444;2;F;3021;19,89
4445;2;F;3022;19,9
4446;2;F;3023;19,92
4447;2;F;3024;19,94
4448;2;F;3025;19,96
4449;2;F;3026;19,98
4450;2;F;3027;19,99
4451;2;F;3028;20
4452;3;M;2200;0
4453;3;M;2201;0
4454;3;M;2202;0
4455;3;M;2203;0
4456;3;M;2204;0
4457;3;M;2205;0
4458;3;M;2206;0
4459;3;M;2207;0
4460;3;M;2208;0
4461;3;M;2209;0
4462;3;M;2210;0
4463;3;M;2211;0
4464;3;M;2212;0
4465;3;M;2213;0
4466;3;M;2214;0
4467;3;M;2215;0
4468;3;M;2216;0
4469;3;M;2217;0
4470;3;M;2218;0
4471;3;M;2219;0
4472;3;M;2220;0
4473;3;M;2221;0
4474;3;M;2222;0
4475;3;M;2223;0
4476;3;M;2224;0
4477;3;M;2225;0
4478;3;M;2226;0
4479;3;M;2227;0
4480;3;M;2228;0
4481;3;M;2229;0
4482;3;M;2230;0
4483;3;M;2231;0
4484;3;M;2232;0
4485;3;M;2233;0
4486;3;M;2234;0
4487;3;M;2235;0
4488;3;M;2236;0
4489;3;M;2237;0
4490;3;M;2238;0
4491;3;M;2239;0
4492;3;M;2240;0
4493;3;M;2241;0
4494;3;M;2242;0
4495;3;M;2243;0
4496;3;M;2244;0
4497;3;M;2245;0
4498;3;M;2246;0
4499;3;M;2247;0
4500;3;M;2248;0
4501;3;M;2249;0
4502;3;M;2250;0
4503;3;M;2251;0
4504;3;M;2252;0
4505;3;M;2253;0
4506;3;M;2254;0
4507;3;M;2255;0
4508;3;M;2256;0
4509;3;M;2257;0
4510;3;M;2258;0
4511;3;M;2259;0
4512;3;M;2260;0
4513;3;M;2261;0
4514;3;M;2262;0
4515;3;M;2263;0
4516;3;M;2264;0
4517;3;M;2265;0
4518;3;M;2266;0
4519;3;M;2267;0
4520;3;M;2268;0
4521;3;M;2269;0
4522;3;M;2270;0
4523;3;M;2271;0
4524;3;M;2272;0
4525;3;M;2273;0
4526;3;M;2274;0
4527;3;M;2275;0
4528;3;M;2276;0
4529;3;M;2277;0
4530;3;M;2278;0
4531;3;M;2279;0
4532;3;M;2280;0
4533;3;M;2281;0
4534;3;M;2282;0
4535;3;M;2283;0
4536;3;M;2284;0
4537;3;M;2285;0
4538;3;M;2286;0
4539;3;M;2287;0
4540;3;M;2288;0
4541;3;M;2289;0
4542;3;M;2290;0,1
4543;3;M;2291;0,2
4544;3;M;2292;0,3
4545;3;M;2293;0,4
4546;3;M;2294;0,5
4547;3;M;2295;0,6
4548;3;M;2296;0,7
4549;3;M;2297;0,8
4550;3;M;2298;0,9
4551;3;M;2299;1
4552;3;M;2300;1,1
4553;3;M;2301;1,2
4554;3;M;2302;1,25
4555;3;M;2303;1,3
4556;3;M;2304;1,35
4557;3;M;2305;1,4
4558;3;M;2306;1,45
4559;3;M;2307;1,5
4560;3;M;2308;1,55
4561;3;M;2309;1,6
4562;3;M;2310;1,65
4563;3;M;2311;1,7
4564;3;M;2312;1,75
4565;3;M;2313;1,8
4566;3;M;2314;1,9
4567;3;M;2315;2
4568;3;M;2316;2,1
4569;3;M;2317;2,2
4570;3;M;2318;2,3
4571;3;M;2319;2,4
4572;3;M;2320;2,5
4573;3;M;2321;2,55
4574;3;M;2322;2,6
4575;3;M;2323;2,65
4576;3;M;2324;2,7
4577;3;M;2325;2,75
4578;3;M;2326;2,8
4579;3;M;2327;2,9
4580;3;M;2328;3
4581;3;M;2329;3,1
4582;3;M;2330;3,2
4583;3;M;2331;3,3
4584;3;M;2332;3,4
4585;3;M;2333;3,5
4586;3;M;2334;3,6
4587;3;M;2335;3,65
4588;3;M;2336;3,7
4589;3;M;2337;3,75
4590;3;M;2338;3,8
4591;3;M;2339;3,9
4592;3;M;2340;4
4593;3;M;2341;4,1
4594;3;M;2342;4,2
4595;3;M;2343;4,3
4596;3;M;2344;4,4
4597;3;M;2345;4,5
4598;3;M;2346;4,55
4599;3;M;2347;4,6
4600;3;M;2348;4,65
4601;3;M;2349;4,7
4602;3;M;2350;4,75
4603;3;M;2351;4,8
4604;3;M;2352;4,9
4605;3;M;2353;5
4606;3;M;2354;5,1
4607;3;M;2355;5,2
4608;3;M;2356;5,3
4609;3;M;2357;5,4
4610;3;M;2358;5,5
4611;3;M;2359;5,55
4612;3;M;2360;5,6
4613;3;M;2361;5,65
4614;3;M;2362;5,7
4615;3;M;2363;5,8
4616;3;M;2364;5,9
4617;3;M;2365;6
4618;3;M;2366;6,1
4619;3;M;2367;6,2
4620;3;M;2368;6,3
4621;3;M;2369;6,35
4622;3;M;2370;6,4
4623;3;M;2371;6,5
4624;3;M;2372;6,6
4625;3;M;2373;6,7
4626;3;M;2374;6,75
4627;3;M;2375;6,8
4628;3;M;2376;6,85
4629;3;M;2377;6,9
4630;3;M;2378;7
4631;3;M;2379;7,1
4632;3;M;2380;7,2
4633;3;M;2381;7,25
4634;3;M;2382;7,3
4635;3;M;2383;7,4
4636;3;M;2384;7,5
4637;3;M;2385;7,6
4638;3;M;2386;7,65
4639;3;M;2387;7,7
4640;3;M;2388;7,8
4641;3;M;2389;7,9
4642;3;M;2390;8
4643;3;M;2391;8,05
4644;3;M;2392;8,1
4645;3;M;2393;8,2
4646;3;M;2394;8,3
4647;3;M;2395;8,4
4648;3;M;2396;8,45
4649;3;M;2397;8,5
4650;3;M;2398;8,6
4651;3;M;2399;8,7
4652;3;M;2400;8,8
4653;3;M;2401;8,8
4654;3;M;2402;8,81
4655;3;M;2403;8,81
4656;3;M;2404;8,82
4657;3;M;2405;8,82
4658;3;M;2406;8,83
4659;3;M;2407;8,83
4660;3;M;2408;8,84
4661;3;M;2409;8,84
4662;3;M;2410;8,85
4663;3;M;2411;8,85
4664;3;M;2412;8,85
4665;3;M;2413;8,86
4666;3;M;2414;8,86
4667;3;M;2415;8,86
4668;3;M;2416;8,87
4669;3;M;2417;8,87
4670;3;M;2418;8,87
4671;3;M;2419;8,88
4672;3;M;2420;8,88
4673;3;M;2421;8,88
4674;3;M;2422;8,89
4675;3;M;2423;8,89
4676;3;M;2424;8,89
4677;3;M;2425;8,9
4678;3;M;2426;8,9
4679;3;M;2427;8,91
4680;3;M;2428;8,91
4681;3;M;2429;8,92
4682;3;M;2430;8,92
4683;3;M;2431;8,93
4684;3;M;2432;8,93
4685;3;M;2433;8,94
4686;3;M;2434;8,94
4687;3;M;2435;8,95
4688;3;M;2436;8,95
4689;3;M;2437;8,95
4690;3;M;2438;8,96
4691;3;M;2439;8,96
4692;3;M;2440;8,96
4693;3;M;2441;8,97
4694;3;M;2442;8,97
4695;3;M;2443;8,97
4696;3;M;2444;8,98
4697;3;M;2445;8,98
4698;3;M;2446;8,98
4699;3;M;2447;8,99
4700;3;M;2448;8,99
4701;3;M;2449;8,99
4702;3;M;2450;9
4703;3;M;2451;9
4704;3;M;2452;9,01
4705;3;M;2453;9,01
4706;3;M;2454;9,02
4707;3;M;2455;9,02
4708;3;M;2456;9,03
4709;3;M;2457;9,03
4710;3;M;2458;9,04
4711;3;M;2459;9,04
4712;3;M;2460;9,05
4713;3;M;2461;9,05
4714;3;M;2462;9,05
4715;3;M;2463;9,06
4716;3;M;2464;9,06
4717;3;M;2465;9,06
4718;3;M;2466;9,07
4719;3;M;2467;9,07
4720;3;M;2468;9,07
4721;3;M;2469;9,08
4722;3;M;2470;9,08
4723;3;M;2471;9,08
4724;3;M;2472;9,09
4725;3;M;2473;9,09
4726;3;M;2474;9,09
4727;3;M;2475;9,1
4728;3;M;2476;9,1
4729;3;M;2477;9,11
4730;3;M;2478;9,11
4731;3;M;2479;9,12
4732;3;M;2480;9,12
4733;3;M;2481;9,13
4734;3;M;2482;9,13
4735;3;M;2483;9,14
4736;3;M;2484;9,14
4737;3;M;2485;9,15
4738;3;M;2486;9,15
4739;3;M;2487;9,15
4740;3;M;2488;9,16
4741;3;M;2489;9,16
4742;3;M;2490;9,16
4743;3;M;2491;9,17
4744;3;M;2492;9,17
4745;3;M;2493;9,17
4746;3;M;2494;9,18
4747;3;M;2495;9,18
4748;3;M;2496;9,18
4749;3;M;2497;9,19
4750;3;M;2498;9,19
4751;3;M;2499;9,19
4752;3;M;2500;9,2
4753;3;M;2501;9,2
4754;3;M;2502;9,21
4755;3;M;2503;9,21
4756;3;M;2504;9,22
4757;3;M;2505;9,22
4758;3;M;2506;9,23
4759;3;M;2507;9,23
4760;3;M;2508;9,24
4761;3;M;2509;9,24
4762;3;M;2510;9,24
4763;3;M;2511;9,25
4764;3;M;2512;9,25
4765;3;M;2513;9,25
4766;3;M;2514;9,26
4767;3;M;2515;9,26
4768;3;M;2516;9,26
4769;3;M;2517;9,27
4770;3;M;2518;9,27
4771;3;M;2519;9,27
4772;3;M;2520;9,28
4773;3;M;2521;9,28
4774;3;M;2522;9,29
4775;3;M;2523;9,29
4776;3;M;2524;9,29
4777;3;M;2525;9,3
4778;3;M;2526;9,3
4779;3;M;2527;9,31
4780;3;M;2528;9,31
4781;3;M;2529;9,32
4782;3;M;2530;9,32
4783;3;M;2531;9,33
4784;3;M;2532;9,33
4785;3;M;2533;9,34
4786;3;M;2534;9,34
4787;3;M;2535;9,35
4788;3;M;2536;9,35
4789;3;M;2537;9,35
4790;3;M;2538;9,36
4791;3;M;2539;9,36
4792;3;M;2540;9,36
4793;3;M;2541;9,37
4794;3;M;2542;9,37
4795;3;M;2543;9,37
4796;3;M;2544;9,38
4797;3;M;2545;9,38
4798;3;M;2546;9,38
4799;3;M;2547;9,39
4800;3;M;2548;9,39
4801;3;M;2549;9,39
4802;3;M;2550;9,4
4803;3;M;2551;9,4
4804;3;M;2552;9,41
4805;3;M;2553;9,41
4806;3;M;2554;9,42
4807;3;M;2555;9,42
4808;3;M;2556;9,43
4809;3;M;2557;9,43
4810;3;M;2558;9,44
4811;3;M;2559;9,44
4812;3;M;2560;9,45
4813;3;M;2561;9,45
4814;3;M;2562;9,45
4815;3;M;2563;9,46
4816;3;M;2564;9,46
4817;3;M;2565;9,46
4818;3;M;2566;9,47
4819;3;M;2567;9,47
4820;3;M;2568;9,47
4821;3;M;2569;9,48
4822;3;M;2570;9,48
4823;3;M;2571;9,48
4824;3;M;2572;9,49
4825;3;M;2573;9,49
4826;3;M;2574;9,49
4827;3;M;2575;9,5
4828;3;M;2576;9,5
4829;3;M;2577;9,51
4830;3;M;2578;9,51
4831;3;M;2579;9,52
4832;3;M;2580;9,52
4833;3;M;2581;9,53
4834;3;M;2582;9,53
4835;3;M;2583;9,54
4836;3;M;2584;9,54
4837;3;M;2585;9,55
4838;3;M;2586;9,55
4839;3;M;2587;9,55
4840;3;M;2588;9,56
4841;3;M;2589;9,56
4842;3;M;2590;9,56
4843;3;M;2591;9,57
4844;3;M;2592;9,57
4845;3;M;2593;9,57
4846;3;M;2594;9,58
4847;3;M;2595;9,58
4848;3;M;2596;9,58
4849;3;M;2597;9,59
4850;3;M;2598;9,59
4851;3;M;2599;9,59
4852;3;M;2600;9,6
4853;3;M;2601;9,6
4854;3;M;2602;9,61
4855;3;M;2603;9,61
4856;3;M;2604;9,62
4857;3;M;2605;9,62
4858;3;M;2606;9,63
4859;3;M;2607;9,63
4860;3;M;2608;9,64
4861;3;M;2609;9,64
4862;3;M;2610;9,65
4863;3;M;2611;9,65
4864;3;M;2612;9,65
4865;3;M;2613;9,66
4866;3;M;2614;9,66
4867;3;M;2615;9,66
4868;3;M;2616;9,68
4869;3;M;2617;9,67
4870;3;M;2618;9,67
4871;3;M;2619;9,68
4872;3;M;2620;9,68
4873;3;M;2621;9,68
4874;3;M;2622;9,69
4875;3;M;2623;9,69
4876;3;M;2624;9,69
4877;3;M;2625;9,7
4878;3;M;2626;9,7
4879;3;M;2627;9,71
4880;3;M;2628;9,71
4881;3;M;2629;9,72
4882;3;M;2630;9,73
4883;3;M;2631;9,73
4884;3;M;2632;9,73
4885;3;M;2633;9,74
4886;3;M;2634;9,74
4887;3;M;2635;9,75
4888;3;M;2636;9,75
4889;3;M;2637;9,76
4890;3;M;2638;9,76
4891;3;M;2639;9,76
4892;3;M;2640;9,77
4893;3;M;2641;9,77
4894;3;M;2642;9,77
4895;3;M;2643;9,78
4896;3;M;2644;9,78
4897;3;M;2645;9,78
4898;3;M;2646;9,78
4899;3;M;2647;9,79
4900;3;M;2648;9,79
4901;3;M;2649;9,79
4902;3;M;2650;9,8
4903;3;M;2651;9,8
4904;3;M;2652;9,81
4905;3;M;2653;9,81
4906;3;M;2654;9,82
4907;3;M;2655;9,82
4908;3;M;2656;9,83
4909;3;M;2657;9,83
4910;3;M;2658;9,84
4911;3;M;2659;9,84
4912;3;M;2660;9,85
4913;3;M;2661;9,85
4914;3;M;2662;9,85
4915;3;M;2663;9,86
4916;3;M;2664;9,86
4917;3;M;2665;9,86
4918;3;M;2666;9,87
4919;3;M;2667;9,87
4920;3;M;2668;9,87
4921;3;M;2669;9,88
4922;3;M;2670;9,88
4923;3;M;2671;9,88
4924;3;M;2672;9,89
4925;3;M;2673;9,89
4926;3;M;2674;9,89
4927;3;M;2675;9,9
4928;3;M;2676;9,9
4929;3;M;2677;9,9
4930;3;M;2678;9,91
4931;3;M;2679;9,91
4932;3;M;2680;9,91
4933;3;M;2681;9,92
4934;3;M;2682;9,92
4935;3;M;2683;9,92
4936;3;M;2684;9,93
4937;3;M;2685;9,93
4938;3;M;2686;9,94
4939;3;M;2687;9,94
4940;3;M;2688;9,95
4941;3;M;2689;9,95
4942;3;M;2690;9,96
4943;3;M;2691;9,96
4944;3;M;2692;9,97
4945;3;M;2693;9,97
4946;3;M;2694;9,98
4947;3;M;2695;9,98
4948;3;M;2696;9,98
4949;3;M;2697;9,99
4950;3;M;2698;9,99
4951;3;M;2699;9,99
4952;3;M;2700;10
4953;3;M;2701;10
4954;3;M;2702;10,01
4955;3;M;2703;10,01
4956;3;M;2704;10,02
4957;3;M;2705;10,02
4958;3;M;2706;10,03
4959;3;M;2707;10,03
4960;3;M;2708;10,04
4961;3;M;2709;10,04
4962;3;M;2710;10,05
4963;3;M;2711;10,06
4964;3;M;2712;10,07
4965;3;M;2713;10,08
4966;3;M;2714;10,09
4967;3;M;2715;10,1
4968;3;M;2716;10,1
4969;3;M;2717;10,11
4970;3;M;2718;10,11
4971;3;M;2719;10,12
4972;3;M;2720;10,12
4973;3;M;2721;10,13
4974;3;M;2722;10,13
4975;3;M;2723;10,14
4976;3;M;2724;10,14
4977;3;M;2725;10,15
4978;3;M;2726;10,16
4979;3;M;2727;10,17
4980;3;M;2728;10,18
4981;3;M;2729;10,19
4982;3;M;2730;10,2
4983;3;M;2731;10,2
4984;3;M;2732;10,21
4985;3;M;2733;10,21
4986;3;M;2734;10,22
4987;3;M;2735;10,22
4988;3;M;2736;10,23
4989;3;M;2737;10,23
4990;3;M;2738;10,24
4991;3;M;2739;10,24
4992;3;M;2740;10,25
4993;3;M;2741;10,26
4994;3;M;2742;10,27
4995;3;M;2743;10,28
4996;3;M;2744;10,29
4997;3;M;2745;10,3
4998;3;M;2746;10,3
4999;3;M;2747;10,31
5000;3;M;2748;10,31
5001;3;M;2749;10,32
5002;3;M;2750;10,32
5003;3;M;2751;10,33
5004;3;M;2752;10,33
5005;3;M;2753;10,34
5006;3;M;2754;10,34
5007;3;M;2755;10,35
5008;3;M;2756;10,36
5009;3;M;2757;10,37
5010;3;M;2758;10,38
5011;3;M;2759;10,39
5012;3;M;2760;10,4
5013;3;M;2761;10,4
5014;3;M;2762;10,41
5015;3;M;2763;10,41
5016;3;M;2764;10,42
5017;3;M;2765;10,42
5018;3;M;2766;10,43
5019;3;M;2767;10,43
5020;3;M;2768;10,44
5021;3;M;2769;10,44
5022;3;M;2770;10,45
5023;3;M;2771;10,46
5024;3;M;2772;10,47
5025;3;M;2773;10,48
5026;3;M;2774;10,49
5027;3;M;2775;10,5
5028;3;M;2776;10,5
5029;3;M;2777;10,51
5030;3;M;2778;10,51
5031;3;M;2779;10,52
5032;3;M;2780;10,52
5033;3;M;2781;10,53
5034;3;M;2782;10,53
5035;3;M;2783;10,54
5036;3;M;2784;10,55
5037;3;M;2785;10,56
5038;3;M;2786;10,57
5039;3;M;2787;10,58
5040;3;M;2788;10,59
5041;3;M;2789;10,6
5042;3;M;2790;10,6
5043;3;M;2791;10,61
5044;3;M;2792;10,61
5045;3;M;2793;10,62
5046;3;M;2794;10,62
5047;3;M;2795;10,63
5048;3;M;2796;10,64
5049;3;M;2797;10,65
5050;3;M;2798;10,66
5051;3;M;2799;10,67
5052;3;M;2800;10,68
5053;3;M;2801;10,69
5054;3;M;2802;10,7
5055;3;M;2803;10,7
5056;3;M;2804;10,71
5057;3;M;2805;10,71
5058;3;M;2806;10,72
5059;3;M;2807;10,72
5060;3;M;2808;10,73
5061;3;M;2809;10,74
5062;3;M;2810;10,75
5063;3;M;2811;10,76
5064;3;M;2812;10,77
5065;3;M;2813;10,78
5066;3;M;2814;10,79
5067;3;M;2815;10,8
5068;3;M;2816;10,8
5069;3;M;2817;10,81
5070;3;M;2818;10,81
5071;3;M;2819;10,82
5072;3;M;2820;10,82
5073;3;M;2821;10,83
5074;3;M;2822;10,83
5075;3;M;2823;10,84
5076;3;M;2824;10,84
5077;3;M;2825;10,85
5078;3;M;2826;10,86
5079;3;M;2827;10,87
5080;3;M;2828;10,88
5081;3;M;2829;10,89
5082;3;M;2830;10,9
5083;3;M;2831;10,9
5084;3;M;2832;10,91
5085;3;M;2833;10,91
5086;3;M;2834;10,92
5087;3;M;2835;10,92
5088;3;M;2836;10,93
5089;3;M;2837;10,93
5090;3;M;2838;10,94
5091;3;M;2839;10,95
5092;3;M;2840;10,96
5093;3;M;2841;10,97
5094;3;M;2842;10,98
5095;3;M;2843;10,99
5096;3;M;2844;11
5097;3;M;2845;11
5098;3;M;2846;11,01
5099;3;M;2847;11,02
5100;3;M;2848;11,03
5101;3;M;2849;11,04
5102;3;M;2850;11,05
5103;3;M;2851;11,06
5104;3;M;2852;11,07
5105;3;M;2853;11,08
5106;3;M;2854;11,09
5107;3;M;2855;11,1
5108;3;M;2856;11,1
5109;3;M;2857;11,11
5110;3;M;2858;11,11
5111;3;M;2859;11,12
5112;3;M;2860;11,12
5113;3;M;2861;11,13
5114;3;M;2862;11,13
5115;3;M;2863;11,14
5116;3;M;2864;11,15
5117;3;M;2865;11,16
5118;3;M;2866;11,17
5119;3;M;2867;11,18
5120;3;M;2868;11,19
5121;3;M;2869;11,2
5122;3;M;2870;11,2
5123;3;M;2871;11,21
5124;3;M;2872;11,22
5125;3;M;2873;11,23
5126;3;M;2874;11,24
5127;3;M;2875;11,25
5128;3;M;2876;11,26
5129;3;M;2877;11,27
5130;3;M;2878;11,28
5131;3;M;2879;11,29
5132;3;M;2880;11,3
5133;3;M;2881;11,3
5134;3;M;2882;11,31
5135;3;M;2883;11,31
5136;3;M;2884;11,32
5137;3;M;2885;11,32
5138;3;M;2886;11,33
5139;3;M;2887;11,33
5140;3;M;2888;11,34
5141;3;M;2889;11,35
5142;3;M;2890;11,36
5143;3;M;2891;11,37
5144;3;M;2892;11,38
5145;3;M;2893;11,39
5146;3;M;2894;11,4
5147;3;M;2895;11,4
5148;3;M;2896;11,41
5149;3;M;2897;11,42
5150;3;M;2898;11,43
5151;3;M;2899;11,44
5152;3;M;2900;11,45
5153;3;M;2901;11,46
5154;3;M;2902;11,47
5155;3;M;2903;11,48
5156;3;M;2904;11,49
5157;3;M;2905;11,5
5158;3;M;2906;11,5
5159;3;M;2907;11,51
5160;3;M;2908;11,51
5161;3;M;2909;11,52
5162;3;M;2910;11,52
5163;3;M;2911;11,53
5164;3;M;2912;11,53
5165;3;M;2913;11,54
5166;3;M;2914;11,55
5167;3;M;2915;11,56
5168;3;M;2916;11,57
5169;3;M;2917;11,58
5170;3;M;2918;11,59
5171;3;M;2919;11,6
5172;3;M;2920;11,6
5173;3;M;2921;11,61
5174;3;M;2922;11,62
5175;3;M;2923;11,63
5176;3;M;2924;11,64
5177;3;M;2925;11,65
5178;3;M;2926;11,66
5179;3;M;2927;11,67
5180;3;M;2928;11,68
5181;3;M;2929;11,69
5182;3;M;2930;11,7
5183;3;M;2931;11,7
5184;3;M;2932;11,71
5185;3;M;2933;11,71
5186;3;M;2934;11,72
5187;3;M;2935;11,72
5188;3;M;2936;11,73
5189;3;M;2937;11,73
5190;3;M;2938;11,74
5191;3;M;2939;11,75
5192;3;M;2940;11,76
5193;3;M;2941;11,77
5194;3;M;2942;11,78
5195;3;M;2943;11,79
5196;3;M;2944;11,8
5197;3;M;2945;11,8
5198;3;M;2946;11,81
5199;3;M;2947;11,82
5200;3;M;2948;11,83
5201;3;M;2949;11,84
5202;3;M;2950;11,85
5203;3;M;2951;11,86
5204;3;M;2952;11,87
5205;3;M;2953;11,88
5206;3;M;2954;11,89
5207;3;M;2955;11,9
5208;3;M;2956;11,9
5209;3;M;2957;11,91
5210;3;M;2958;11,91
5211;3;M;2959;11,92
5212;3;M;2960;11,92
5213;3;M;2961;11,93
5214;3;M;2962;11,93
5215;3;M;2963;11,94
5216;3;M;2964;11,95
5217;3;M;2965;11,96
5218;3;M;2966;11,97
5219;3;M;2967;11,98
5220;3;M;2968;11,99
5221;3;M;2969;12
5222;3;M;2970;12
5223;3;M;2971;12,01
5224;3;M;2972;12,02
5225;3;M;2973;12,03
5226;3;M;2974;12,04
5227;3;M;2975;12,05
5228;3;M;2976;12,06
5229;3;M;2977;12,07
5230;3;M;2978;12,08
5231;3;M;2979;12,09
5232;3;M;2980;12,1
5233;3;M;2981;12,11
5234;3;M;2982;12,12
5235;3;M;2983;12,13
5236;3;M;2984;12,14
5237;3;M;2985;12,15
5238;3;M;2986;12,16
5239;3;M;2987;12,17
5240;3;M;2988;12,18
5241;3;M;2989;12,19
5242;3;M;2990;12,2
5243;3;M;2991;12,2
5244;3;M;2992;12,21
5245;3;M;2993;12,21
5246;3;M;2994;12,22
5247;3;M;2995;12,23
5248;3;M;2996;12,24
5249;3;M;2997;12,25
5250;3;M;2998;12,26
5251;3;M;2999;12,27
5252;3;M;3000;12,28
5253;3;M;3001;12,29
5254;3;M;3002;12,3
5255;3;M;3003;12,3
5256;3;M;3004;12,31
5257;3;M;3005;12,31
5258;3;M;3006;12,32
5259;3;M;3007;12,32
5260;3;M;3008;12,33
5261;3;M;3009;12,34
5262;3;M;3010;12,35
5263;3;M;3011;12,36
5264;3;M;3012;12,37
5265;3;M;3013;12,38
5266;3;M;3014;12,39
5267;3;M;3015;12,4
5268;3;M;3016;12,4
5269;3;M;3017;12,41
5270;3;M;3018;12,42
5271;3;M;3019;12,43
5272;3;M;3020;12,44
5273;3;M;3021;12,45
5274;3;M;3022;12,46
5275;3;M;3023;12,47
5276;3;M;3024;12,48
5277;3;M;3025;12,49
5278;3;M;3026;12,5
5279;3;M;3027;12,5
5280;3;M;3028;12,51
5281;3;M;3029;12,52
5282;3;M;3030;12,53
5283;3;M;3031;12,54
5284;3;M;3032;12,55
5285;3;M;3033;12,56
5286;3;M;3034;12,57
5287;3;M;3035;12,58
5288;3;M;3036;12,59
5289;3;M;3037;12,6
5290;3;M;3038;12,6
5291;3;M;3039;12,61
5292;3;M;3040;12,62
5293;3;M;3041;12,63
5294;3;M;3042;12,64
5295;3;M;3043;12,65
5296;3;M;3044;12,66
5297;3;M;3045;12,67
5298;3;M;3046;12,68
5299;3;M;3047;12,69
5300;3;M;3048;12,7
5301;3;M;3049;12,7
5302;3;M;3050;12,71
5303;3;M;3051;12,72
5304;3;M;3052;12,73
5305;3;M;3053;12,74
5306;3;M;3054;12,75
5307;3;M;3055;12,76
5308;3;M;3056;12,77
5309;3;M;3057;12,78
5310;3;M;3058;12,79
5311;3;M;3059;12,8
5312;3;M;3060;12,8
5313;3;M;3061;12,81
5314;3;M;3062;12,82
5315;3;M;3063;12,83
5316;3;M;3064;12,84
5317;3;M;3065;12,85
5318;3;M;3066;12,86
5319;3;M;3067;12,87
5320;3;M;3068;12,88
5321;3;M;3069;12,89
5322;3;M;3070;12,9
5323;3;M;3071;12,91
5324;3;M;3072;12,92
5325;3;M;3073;12,93
5326;3;M;3074;12,94
5327;3;M;3075;12,95
5328;3;M;3076;12,96
5329;3;M;3077;12,97
5330;3;M;3078;12,98
5331;3;M;3079;12,99
5332;3;M;3080;13
5333;3;M;3081;13,01
5334;3;M;3082;13,02
5335;3;M;3083;13,03
5336;3;M;3084;13,04
5337;3;M;3085;13,05
5338;3;M;3086;13,06
5339;3;M;3087;13,07
5340;3;M;3088;13,08
5341;3;M;3089;13,09
5342;3;M;3090;13,1
5343;3;M;3091;13,11
5344;3;M;3092;13,12
5345;3;M;3093;13,13
5346;3;M;3094;13,14
5347;3;M;3095;13,15
5348;3;M;3096;13,16
5349;3;M;3097;13,17
5350;3;M;3098;13,18
5351;3;M;3099;13,19
5352;3;M;3100;13,2
5353;3;M;3101;13,21
5354;3;M;3102;13,22
5355;3;M;3103;13,23
5356;3;M;3104;13,24
5357;3;M;3105;13,25
5358;3;M;3106;13,26
5359;3;M;3107;13,27
5360;3;M;3108;13,28
5361;3;M;3109;13,29
5362;3;M;3110;13,3
5363;3;M;3111;13,31
5364;3;M;3112;13,32
5365;3;M;3113;13,33
5366;3;M;3114;13,34
5367;3;M;3115;13,35
5368;3;M;3116;13,36
5369;3;M;3117;13,37
5370;3;M;3118;13,38
5371;3;M;3119;13,39
5372;3;M;3120;13,4
5373;3;M;3121;13,41
5374;3;M;3122;13,42
5375;3;M;3123;13,43
5376;3;M;3124;13,44
5377;3;M;3125;13,45
5378;3;M;3126;13,46
5379;3;M;3127;13,47
5380;3;M;3128;13,48
5381;3;M;3129;13,49
5382;3;M;3130;13,5
5383;3;M;3131;13,51
5384;3;M;3132;13,52
5385;3;M;3133;13,53
5386;3;M;3134;13,54
5387;3;M;3135;13,55
5388;3;M;3136;13,56
5389;3;M;3137;13,57
5390;3;M;3138;13,58
5391;3;M;3139;13,59
5392;3;M;3140;13,6
5393;3;M;3141;13,61
5394;3;M;3142;13,62
5395;3;M;3143;13,63
5396;3;M;3144;13,64
5397;3;M;3145;13,65
5398;3;M;3146;13,66
5399;3;M;3147;13,67
5400;3;M;3148;13,68
5401;3;M;3149;13,69
5402;3;M;3150;13,7
5403;3;M;3151;13,71
5404;3;M;3152;13,72
5405;3;M;3153;13,73
5406;3;M;3154;13,74
5407;3;M;3155;13,75
5408;3;M;3156;13,76
5409;3;M;3157;13,77
5410;3;M;3158;13,78
5411;3;M;3159;13,79
5412;3;M;3160;13,8
5413;3;M;3161;13,81
5414;3;M;3162;13,82
5415;3;M;3163;13,83
5416;3;M;3164;13,84
5417;3;M;3165;13,85
5418;3;M;3166;13,86
5419;3;M;3167;13,87
5420;3;M;3168;13,88
5421;3;M;3169;13,89
5422;3;M;3170;13,9
5423;3;M;3171;13,91
5424;3;M;3172;13,92
5425;3;M;3173;13,93
5426;3;M;3174;13,94
5427;3;M;3175;13,95
5428;3;M;3176;13,96
5429;3;M;3177;13,97
5430;3;M;3178;13,98
5431;3;M;3179;13,99
5432;3;M;3180;14
5433;3;M;3181;14,01
5434;3;M;3182;14,02
5435;3;M;3183;14,03
5436;3;M;3184;14,04
5437;3;M;3185;14,05
5438;3;M;3186;14,06
5439;3;M;3187;14,07
5440;3;M;3188;14,08
5441;3;M;3189;14,1
5442;3;M;3190;14,11
5443;3;M;3191;14,12
5444;3;M;3192;14,13
5445;3;M;3193;14,14
5446;3;M;3194;14,15
5447;3;M;3195;14,16
5448;3;M;3196;14,18
5449;3;M;3197;14,2
5450;3;M;3198;14,21
5451;3;M;3199;14,22
5452;3;M;3200;14,23
5453;3;M;3201;14,24
5454;3;M;3202;14,25
5455;3;M;3203;14,26
5456;3;M;3204;14,27
5457;3;M;3205;14,28
5458;3;M;3206;14,29
5459;3;M;3207;14,3
5460;3;M;3208;14,31
5461;3;M;3209;14,32
5462;3;M;3210;14,33
5463;3;M;3211;14,34
5464;3;M;3212;14,35
5465;3;M;3213;14,36
5466;3;M;3214;14,38
5467;3;M;3215;14,4
5468;3;M;3216;14,41
5469;3;M;3217;14,42
5470;3;M;3218;14,43
5471;3;M;3219;14,44
5472;3;M;3220;14,45
5473;3;M;3221;14,46
5474;3;M;3222;14,47
5475;3;M;3223;14,48
5476;3;M;3224;14,5
5477;3;M;3225;14,51
5478;3;M;3226;14,52
5479;3;M;3227;14,53
5480;3;M;3228;14,54
5481;3;M;3229;14,55
5482;3;M;3230;14,56
5483;3;M;3231;14,57
5484;3;M;3232;14,58
5485;3;M;3233;14,59
5486;3;M;3234;14,6
5487;3;M;3235;14,61
5488;3;M;3236;14,62
5489;3;M;3237;14,63
5490;3;M;3238;14,64
5491;3;M;3239;14,65
5492;3;M;3240;14,66
5493;3;M;3241;14,67
5494;3;M;3242;14,68
5495;3;M;3243;14,69
5496;3;M;3244;14,7
5497;3;M;3245;14,71
5498;3;M;3246;14,72
5499;3;M;3247;14,73
5500;3;M;3248;14,74
5501;3;M;3249;14,75
5502;3;M;3250;14,76
5503;3;M;3251;14,78
5504;3;M;3252;14,8
5505;3;M;3253;14,81
5506;3;M;3254;14,82
5507;3;M;3255;14,83
5508;3;M;3256;14,84
5509;3;M;3257;14,85
5510;3;M;3258;14,86
5511;3;M;3259;14,88
5512;3;M;3260;14,9
5513;3;M;3261;14,91
5514;3;M;3262;14,92
5515;3;M;3263;14,93
5516;3;M;3264;14,94
5517;3;M;3265;14,95
5518;3;M;3266;14,96
5519;3;M;3267;14,97
5520;3;M;3268;14,98
5521;3;M;3269;14,99
5522;3;M;3270;15
5523;3;M;3271;15,01
5524;3;M;3272;15,02
5525;3;M;3273;15,03
5526;3;M;3274;15,04
5527;3;M;3275;15,05
5528;3;M;3276;15,06
5529;3;M;3277;15,07
5530;3;M;3278;15,08
5531;3;M;3279;15,1
5532;3;M;3280;15,11
5533;3;M;3281;15,12
5534;3;M;3282;15,14
5535;3;M;3283;15,16
5536;3;M;3284;15,18
5537;3;M;3285;15,2
5538;3;M;3286;15,21
5539;3;M;3287;15,22
5540;3;M;3288;15,23
5541;3;M;3289;15,24
5542;3;M;3290;15,25
5543;3;M;3291;15,26
5544;3;M;3292;15,27
5545;3;M;3293;15,28
5546;3;M;3294;15,29
5547;3;M;3295;15,3
5548;3;M;3296;15,31
5549;3;M;3297;15,32
5550;3;M;3298;15,33
5551;3;M;3299;15,34
5552;3;M;3300;15,35
5553;3;M;3301;15,36
5554;3;M;3302;15,37
5555;3;M;3303;15,38
5556;3;M;3304;15,4
5557;3;M;3305;15,41
5558;3;M;3306;15,42
5559;3;M;3307;15,44
5560;3;M;3308;15,46
5561;3;M;3309;15,48
5562;3;M;3310;15,5
5563;3;M;3311;15,51
5564;3;M;3312;15,52
5565;3;M;3313;15,53
5566;3;M;3314;15,54
5567;3;M;3315;15,55
5568;3;M;3316;15,56
5569;3;M;3317;15,57
5570;3;M;3318;15,58
5571;3;M;3319;15,59
5572;3;M;3320;15,6
5573;3;M;3321;15,61
5574;3;M;3322;15,62
5575;3;M;3323;15,63
5576;3;M;3324;15,64
5577;3;M;3325;15,65
5578;3;M;3326;15,66
5579;3;M;3327;15,67
5580;3;M;3328;15,68
5581;3;M;3329;15,7
5582;3;M;3330;15,71
5583;3;M;3331;15,72
5584;3;M;3332;15,74
5585;3;M;3333;15,76
5586;3;M;3334;15,78
5587;3;M;3335;15,8
5588;3;M;3336;15,81
5589;3;M;3337;15,82
5590;3;M;3338;15,83
5591;3;M;3339;15,84
5592;3;M;3340;15,85
5593;3;M;3341;15,86
5594;3;M;3342;15,87
5595;3;M;3343;15,88
5596;3;M;3344;15,89
5597;3;M;3345;15,9
5598;3;M;3346;15,92
5599;3;M;3347;15,94
5600;3;M;3348;15,96
5601;3;M;3349;15,98
5602;3;M;3350;16
5603;3;M;3351;16,01
5604;3;M;3352;16,02
5605;3;M;3353;16,03
5606;3;M;3354;16,04
5607;3;M;3355;16,05
5608;3;M;3356;16,06
5609;3;M;3357;16,07
5610;3;M;3358;16,08
5611;3;M;3359;16,09
5612;3;M;3360;16,1
5613;3;M;3361;16,11
5614;3;M;3362;16,12
5615;3;M;3363;16,13
5616;3;M;3364;16,14
5617;3;M;3365;16,16
5618;3;M;3366;16,18
5619;3;M;3367;16,2
5620;3;M;3368;16,21
5621;3;M;3369;16,22
5622;3;M;3370;16,23
5623;3;M;3371;16,24
5624;3;M;3372;16,25
5625;3;M;3373;16,26
5626;3;M;3374;16,28
5627;3;M;3375;16,3
5628;3;M;3376;16,31
5629;3;M;3377;16,32
5630;3;M;3378;16,33
5631;3;M;3379;16,34
5632;3;M;3380;16,36
5633;3;M;3381;16,38
5634;3;M;3382;16,4
5635;3;M;3383;16,41
5636;3;M;3384;16,42
5637;3;M;3385;16,43
5638;3;M;3386;16,44
5639;3;M;3387;16,45
5640;3;M;3388;16,46
5641;3;M;3389;16,48
5642;3;M;3390;16,5
5643;3;M;3391;16,51
5644;3;M;3392;16,52
5645;3;M;3393;16,53
5646;3;M;3394;16,54
5647;3;M;3395;16,56
5648;3;M;3396;16,58
5649;3;M;3397;16,6
5650;3;M;3398;16,61
5651;3;M;3399;16,62
5652;3;M;3400;16,63
5653;3;M;3401;16,64
5654;3;M;3402;16,65
5655;3;M;3403;16,66
5656;3;M;3404;16,68
5657;3;M;3405;16,7
5658;3;M;3406;16,72
5659;3;M;3407;16,74
5660;3;M;3408;16,76
5661;3;M;3409;16,78
5662;3;M;3410;16,8
5663;3;M;3411;16,81
5664;3;M;3412;16,82
5665;3;M;3413;16,83
5666;3;M;3414;16,84
5667;3;M;3415;16,85
5668;3;M;3416;16,86
5669;3;M;3417;16,87
5670;3;M;3418;16,88
5671;3;M;3419;16,89
5672;3;M;3420;16,9
5673;3;M;3421;16,92
5674;3;M;3422;16,94
5675;3;M;3423;16,96
5676;3;M;3424;16,98
5677;3;M;3425;17
5678;3;M;3426;17,01
5679;3;M;3427;17,02
5680;3;M;3428;17,03
5681;3;M;3429;17,04
5682;3;M;3430;17,05
5683;3;M;3431;17,06
5684;3;M;3432;17,07
5685;3;M;3433;17,08
5686;3;M;3434;17,1
5687;3;M;3435;17,11
5688;3;M;3436;17,12
5689;3;M;3437;17,14
5690;3;M;3438;17,16
5691;3;M;3439;17,18
5692;3;M;3440;17,2
5693;3;M;3441;17,21
5694;3;M;3442;17,22
5695;3;M;3443;17,24
5696;3;M;3444;17,26
5697;3;M;3445;17,28
5698;3;M;3446;17,3
5699;3;M;3447;17,31
5700;3;M;3448;17,32
5701;3;M;3449;17,33
5702;3;M;3450;17,34
5703;3;M;3451;17,35
5704;3;M;3452;17,36
5705;3;M;3453;17,37
5706;3;M;3454;17,38
5707;3;M;3455;17,4
5708;3;M;3456;17,42
5709;3;M;3457;17,44
5710;3;M;3458;17,46
5711;3;M;3459;17,48
5712;3;M;3460;17,5
5713;3;M;3461;17,51
5714;3;M;3462;17,52
5715;3;M;3463;17,53
5716;3;M;3464;17,54
5717;3;M;3465;17,55
5718;3;M;3466;17,56
5719;3;M;3467;17,58
5720;3;M;3468;17,6
5721;3;M;3469;17,61
5722;3;M;3470;17,62
5723;3;M;3471;17,63
5724;3;M;3472;17,64
5725;3;M;3473;17,66
5726;3;M;3474;17,68
5727;3;M;3475;17,7
5728;3;M;3476;17,72
5729;3;M;3477;17,74
5730;3;M;3478;17,76
5731;3;M;3479;17,78
5732;3;M;3480;17,8
5733;3;M;3481;17,81
5734;3;M;3482;17,82
5735;3;M;3483;17,83
5736;3;M;3484;17,84
5737;3;M;3485;17,85
5738;3;M;3486;17,86
5739;3;M;3487;17,87
5740;3;M;3488;17,88
5741;3;M;3489;17,89
5742;3;M;3490;17,9
5743;3;M;3491;17,92
5744;3;M;3492;17,94
5745;3;M;3493;17,96
5746;3;M;3494;17,98
5747;3;M;3495;18
5748;3;M;3496;18,02
5749;3;M;3497;18,04
5750;3;M;3498;18,06
5751;3;M;3499;18,08
5752;3;M;3500;18,1
5753;3;M;3501;18,11
5754;3;M;3502;18,12
5755;3;M;3503;18,13
5756;3;M;3504;18,14
5757;3;M;3505;18,15
5758;3;M;3506;18,16
5759;3;M;3507;18,17
5760;3;M;3508;18,18
5761;3;M;3509;18,19
5762;3;M;3510;18,2
5763;3;M;3511;18,22
5764;3;M;3512;18,24
5765;3;M;3513;18,26
5766;3;M;3514;18,28
5767;3;M;3515;18,3
5768;3;M;3516;18,32
5769;3;M;3517;18,34
5770;3;M;3518;18,36
5771;3;M;3519;18,38
5772;3;M;3520;18,4
5773;3;M;3521;18,41
5774;3;M;3522;18,42
5775;3;M;3523;18,43
5776;3;M;3524;18,44
5777;3;M;3525;18,45
5778;3;M;3526;18,46
5779;3;M;3527;18,48
5780;3;M;3528;18,5
5781;3;M;3529;18,51
5782;3;M;3530;18,52
5783;3;M;3531;18,53
5784;3;M;3532;18,54
5785;3;M;3533;18,56
5786;3;M;3534;18,58
5787;3;M;3535;18,6
5788;3;M;3536;18,62
5789;3;M;3537;18,64
5790;3;M;3538;18,66
5791;3;M;3539;18,68
5792;3;M;3540;18,7
5793;3;M;3541;18,72
5794;3;M;3542;18,74
5795;3;M;3543;18,76
5796;3;M;3544;18,78
5797;3;M;3545;18,8
5798;3;M;3546;18,82
5799;3;M;3547;18,84
5800;3;M;3548;18,85
5801;3;M;3549;18,86
5802;3;M;3550;18,87
5803;3;M;3551;18,88
5804;3;M;3552;18,89
5805;3;M;3553;18,9
5806;3;M;3554;18,91
5807;3;M;3555;18,92
5808;3;M;3556;18,93
5809;3;M;3557;18,94
5810;3;M;3558;18,96
5811;3;M;3559;18,98
5812;3;M;3560;19
5813;3;M;3561;19,02
5814;3;M;3562;19,04
5815;3;M;3563;19,06
5816;3;M;3564;19,08
5817;3;M;3565;19,1
5818;3;M;3566;19,12
5819;3;M;3567;19,14
5820;3;M;3568;19,16
5821;3;M;3569;19,18
5822;3;M;3570;19,2
5823;3;M;3571;19,21
5824;3;M;3572;19,22
5825;3;M;3573;19,24
5826;3;M;3574;19,26
5827;3;M;3575;19,28
5828;3;M;3576;19,3
5829;3;M;3577;19,32
5830;3;M;3578;19,33
5831;3;M;3579;19,34
5832;3;M;3580;19,35
5833;3;M;3581;19,36
5834;3;M;3582;19,37
5835;3;M;3583;19,38
5836;3;M;3584;19,39
5837;3;M;3585;19,4
5838;3;M;3586;19,42
5839;3;M;3587;19,44
5840;3;M;3588;19,46
5841;3;M;3589;19,48
5842;3;M;3590;19,5
5843;3;M;3591;19,52
5844;3;M;3592;19,54
5845;3;M;3593;19,56
5846;3;M;3594;19,58
5847;3;M;3595;19,6
5848;3;M;3596;19,62
5849;3;M;3597;19,64
5850;3;M;3598;19,66
5851;3;M;3599;19,68
5852;3;M;3600;19,7
5853;3;M;3601;19,72
5854;3;M;3602;19,74
5855;3;M;3603;19,76
5856;3;M;3604;19,78
5857;3;M;3605;19,8
5858;3;M;3606;19,82
5859;3;M;3607;19,84
5860;3;M;3608;19,86
5861;3;M;3609;19,88
5862;3;M;3610;19,9
5863;3;M;3611;19,91
5864;3;M;3612;19,92
5865;3;M;3613;19,93
5866;3;M;3614;19,94
5867;3;M;3615;19,95
5868;3;M;3616;20
5869;3;M;3617;20
5870;3;M;3618;20
5871;3;M;3619;20
5872;3;M;3620;20
5873;3;M;3621;20
5874;3;M;3622;20
5875;3;M;3623;20
5876;3;M;3624;20
5877;3;M;3625;20
5878;3;M;3626;20
5879;3;M;3627;20
5880;3;M;3628;20
5881;3;M;3629;20
5882;3;M;3630;20
5883;3;M;3631;20
5884;3;M;3632;20
5885;3;M;3633;20
5886;3;M;3634;20
5887;3;M;3635;20
5888;3;M;3636;20
5889;3;M;3637;20
5890;3;M;3638;20
5891;3;M;3639;20
5892;3;M;3640;20
5893;3;M;3641;20
5894;3;M;3642;20
5895;3;M;3643;20
5896;3;M;3644;20
5897;3;M;3645;20
5898;3;M;3646;20
5899;3;M;3647;20
5900;3;M;3648;20
5901;3;M;3649;20
5902;3;M;3650;20
5903;3;M;3651;20
5904;3;M;3652;20
5905;3;M;3653;20
5906;3;M;3654;20
5907;3;M;3655;20
5908;3;M;3656;20
5909;3;M;3657;20
5910;3;M;3658;20
5911;3;M;3659;20
5912;3;M;3660;20
5913;3;M;3661;20
5914;3;M;3662;20
5915;3;M;3663;20
5916;3;M;3664;20
5917;3;M;3665;20
5918;3;M;3666;20
5919;3;M;3667;20
5920;3;M;3668;20
5921;3;M;3669;20
5922;3;M;3670;20
5923;3;M;3671;20
5924;3;M;3672;20
5925;3;M;3673;20
5926;3;M;3674;20
5927;3;M;3675;20
5928;3;M;3676;20
5929;3;F;2100;0
5930;3;F;2101;0
5931;3;F;2102;0
5932;3;F;2103;0
5933;3;F;2104;0
5934;3;F;2105;0
5935;3;F;2106;0
5936;3;F;2107;0
5937;3;F;2108;0
5938;3;F;2109;0
5939;3;F;2110;0
5940;3;F;2111;0
5941;3;F;2112;0
5942;3;F;2113;0
5943;3;F;2114;0
5944;3;F;2115;0
5945;3;F;2116;0
5946;3;F;2117;0
5947;3;F;2118;0
5948;3;F;2119;0
5949;3;F;2120;0,96
5950;3;F;2121;1,01
5951;3;F;2122;1,06
5952;3;F;2123;1,11
5953;3;F;2124;1,16
5954;3;F;2125;1,21
5955;3;F;2126;1,26
5956;3;F;2127;1,31
5957;3;F;2128;1,36
5958;3;F;2129;1,41
5959;3;F;2130;1,46
5960;3;F;2131;1,51
5961;3;F;2132;1,56
5962;3;F;2133;1,61
5963;3;F;2134;1,66
5964;3;F;2135;1,71
5965;3;F;2136;1,76
5966;3;F;2137;1,81
5967;3;F;2138;1,86
5968;3;F;2139;1,91
5969;3;F;2140;1,96
5970;3;F;2141;2,01
5971;3;F;2142;2,06
5972;3;F;2143;2,11
5973;3;F;2144;2,16
5974;3;F;2145;2,21
5975;3;F;2146;2,26
5976;3;F;2147;2,31
5977;3;F;2148;2,36
5978;3;F;2149;2,41
5979;3;F;2150;2,46
5980;3;F;2151;2,51
5981;3;F;2152;2,56
5982;3;F;2153;2,61
5983;3;F;2154;2,66
5984;3;F;2155;2,71
5985;3;F;2156;2,76
5986;3;F;2157;2,82
5987;3;F;2158;2,86
5988;3;F;2159;2,91
5989;3;F;2160;2,96
5990;3;F;2161;3,01
5991;3;F;2162;3,06
5992;3;F;2163;3,11
5993;3;F;2164;3,25
5994;3;F;2165;3,21
5995;3;F;2166;3,26
5996;3;F;2167;3,31
5997;3;F;2168;3,36
5998;3;F;2169;3,41
5999;3;F;2170;3,46
6000;3;F;2171;3,51
6001;3;F;2172;3,56
6002;3;F;2173;3,61
6003;3;F;2174;3,66
6004;3;F;2175;3,71
6005;3;F;2176;3,76
6006;3;F;2177;3,81
6007;3;F;2178;3,86
6008;3;F;2179;3,91
6009;3;F;2180;3,96
6010;3;F;2181;3,96
6011;3;F;2182;4,01
6012;3;F;2183;4,06
6013;3;F;2184;4,11
6014;3;F;2185;4,16
6015;3;F;2186;4,21
6016;3;F;2187;4,26
6017;3;F;2188;4,31
6018;3;F;2189;4,36
6019;3;F;2190;4,41
6020;3;F;2191;4,46
6021;3;F;2192;4,51
6022;3;F;2193;4,56
6023;3;F;2194;4,61
6024;3;F;2195;4,66
6025;3;F;2196;4,71
6026;3;F;2197;4,76
6027;3;F;2198;4,81
6028;3;F;2199;4,86
6029;3;F;2200;4,91
6030;3;F;2201;4,96
6031;3;F;2202;5,01
6032;3;F;2203;5,06
6033;3;F;2204;5,11
6034;3;F;2205;5,16
6035;3;F;2206;5,21
6036;3;F;2207;5,26
6037;3;F;2208;5,31
6038;3;F;2209;5,36
6039;3;F;2210;5,41
6040;3;F;2211;5,46
6041;3;F;2212;5,51
6042;3;F;2213;5,56
6043;3;F;2214;5,61
6044;3;F;2215;5,66
6045;3;F;2216;5,71
6046;3;F;2217;5,76
6047;3;F;2218;5,81
6048;3;F;2219;5,86
6049;3;F;2220;5,91
6050;3;F;2221;5,96
6051;3;F;2222;6,01
6052;3;F;2223;6,06
6053;3;F;2224;6,11
6054;3;F;2225;6,16
6055;3;F;2226;6,21
6056;3;F;2227;6,26
6057;3;F;2228;6,31
6058;3;F;2229;6,36
6059;3;F;2230;6,41
6060;3;F;2231;6,46
6061;3;F;2232;6,51
6062;3;F;2233;6,56
6063;3;F;2234;6,61
6064;3;F;2235;6,66
6065;3;F;2236;6,71
6066;3;F;2237;6,76
6067;3;F;2238;6,81
6068;3;F;2239;6,86
6069;3;F;2240;6,91
6070;3;F;2241;6,96
6071;3;F;2242;7,01
6072;3;F;2243;7,06
6073;3;F;2244;7,11
6074;3;F;2245;7,16
6075;3;F;2246;7,21
6076;3;F;2247;7,26
6077;3;F;2248;7,31
6078;3;F;2249;7,36
6079;3;F;2250;7,41
6080;3;F;2251;7,46
6081;3;F;2252;7,51
6082;3;F;2253;7,56
6083;3;F;2254;7,61
6084;3;F;2255;7,66
6085;3;F;2256;7,71
6086;3;F;2257;7,76
6087;3;F;2258;7,81
6088;3;F;2259;7,86
6089;3;F;2260;7,91
6090;3;F;2261;7,96
6091;3;F;2262;8,01
6092;3;F;2263;8,06
6093;3;F;2264;8,11
6094;3;F;2265;8,16
6095;3;F;2266;8,21
6096;3;F;2267;8,26
6097;3;F;2268;8,31
6098;3;F;2269;8,36
6099;3;F;2270;8,41
6100;3;F;2271;8,46
6101;3;F;2272;8,51
6102;3;F;2273;8,56
6103;3;F;2274;8,61
6104;3;F;2275;8,66
6105;3;F;2276;8,71
6106;3;F;2277;8,76
6107;3;F;2278;8,81
6108;3;F;2279;8,86
6109;3;F;2280;8,91
6110;3;F;2281;8,96
6111;3;F;2282;9,01
6112;3;F;2283;9,06
6113;3;F;2284;9,11
6114;3;F;2285;9,16
6115;3;F;2286;9,21
6116;3;F;2287;9,26
6117;3;F;2288;9,31
6118;3;F;2289;9,36
6119;3;F;2290;9,41
6120;3;F;2291;9,46
6121;3;F;2292;9,51
6122;3;F;2293;9,56
6123;3;F;2294;9,61
6124;3;F;2295;9,66
6125;3;F;2296;9,71
6126;3;F;2297;9,76
6127;3;F;2298;9,81
6128;3;F;2299;9,86
6129;3;F;2300;9,91
6130;3;F;2301;9,96
6131;3;F;2302;9,97
6132;3;F;2303;9,97
6133;3;F;2304;9,98
6134;3;F;2305;9,99
6135;3;F;2306;10
6136;3;F;2307;10,01
6137;3;F;2308;10,02
6138;3;F;2309;10,03
6139;3;F;2310;10,04
6140;3;F;2311;10,05
6141;3;F;2312;10,06
6142;3;F;2313;10,06
6143;3;F;2314;10,07
6144;3;F;2315;10,07
6145;3;F;2316;10,08
6146;3;F;2317;10,09
6147;3;F;2318;10,1
6148;3;F;2319;10,11
6149;3;F;2320;10,12
6150;3;F;2321;10,13
6151;3;F;2322;10,14
6152;3;F;2323;10,15
6153;3;F;2324;10,16
6154;3;F;2325;10,16
6155;3;F;2326;10,17
6156;3;F;2327;10,17
6157;3;F;2328;10,18
6158;3;F;2329;10,19
6159;3;F;2330;10,2
6160;3;F;2331;10,21
6161;3;F;2332;10,22
6162;3;F;2333;10,23
6163;3;F;2334;10,24
6164;3;F;2335;10,25
6165;3;F;2336;10,26
6166;3;F;2337;10,26
6167;3;F;2338;10,27
6168;3;F;2339;10,27
6169;3;F;2340;10,28
6170;3;F;2341;10,29
6171;3;F;2342;10,3
6172;3;F;2343;10,31
6173;3;F;2344;10,32
6174;3;F;2345;10,33
6175;3;F;2346;10,34
6176;3;F;2347;10,35
6177;3;F;2348;10,36
6178;3;F;2349;10,36
6179;3;F;2350;10,37
6180;3;F;2351;10,37
6181;3;F;2352;10,38
6182;3;F;2353;10,38
6183;3;F;2354;10,39
6184;3;F;2355;10,39
6185;3;F;2356;10,4
6186;3;F;2357;10,41
6187;3;F;2358;10,42
6188;3;F;2359;10,43
6189;3;F;2360;10,44
6190;3;F;2361;10,45
6191;3;F;2362;10,46
6192;3;F;2363;10,46
6193;3;F;2364;10,47
6194;3;F;2365;10,48
6195;3;F;2366;10,49
6196;3;F;2367;10,5
6197;3;F;2368;10,51
6198;3;F;2369;10,52
6199;3;F;2370;10,53
6200;3;F;2371;10,54
6201;3;F;2372;10,55
6202;3;F;2373;10,56
6203;3;F;2374;10,56
6204;3;F;2375;10,57
6205;3;F;2376;10,58
6206;3;F;2377;10,59
6207;3;F;2378;10,6
6208;3;F;2379;10,61
6209;3;F;2380;10,62
6210;3;F;2381;10,63
6211;3;F;2382;10,64
6212;3;F;2383;10,65
6213;3;F;2384;10,66
6214;3;F;2385;10,66
6215;3;F;2386;10,67
6216;3;F;2387;10,68
6217;3;F;2388;10,69
6218;3;F;2389;10,7
6219;3;F;2390;10,71
6220;3;F;2391;10,72
6221;3;F;2392;10,73
6222;3;F;2393;10,74
6223;3;F;2394;10,75
6224;3;F;2395;10,76
6225;3;F;2396;10,76
6226;3;F;2397;10,77
6227;3;F;2398;10,78
6228;3;F;2399;10,79
6229;3;F;2400;10,8
6230;3;F;2401;10,81
6231;3;F;2402;10,82
6232;3;F;2403;10,83
6233;3;F;2404;10,84
6234;3;F;2405;10,85
6235;3;F;2406;10,86
6236;3;F;2407;10,87
6237;3;F;2408;10,88
6238;3;F;2409;10,89
6239;3;F;2410;10,9
6240;3;F;2411;10,91
6241;3;F;2412;10,92
6242;3;F;2413;10,93
6243;3;F;2414;10,94
6244;3;F;2415;10,95
6245;3;F;2416;10,96
6246;3;F;2417;10,96
6247;3;F;2418;10,97
6248;3;F;2419;10,98
6249;3;F;2420;10,99
6250;3;F;2421;11
6251;3;F;2422;11,01
6252;3;F;2423;11,02
6253;3;F;2424;11,03
6254;3;F;2425;11,04
6255;3;F;2426;11,05
6256;3;F;2427;11,06
6257;3;F;2428;11,07
6258;3;F;2429;11,08
6259;3;F;2430;11,09
6260;3;F;2431;11,1
6261;3;F;2432;11,11
6262;3;F;2433;11,12
6263;3;F;2434;11,13
6264;3;F;2435;11,14
6265;3;F;2436;11,15
6266;3;F;2437;11,16
6267;3;F;2438;11,16
6268;3;F;2439;11,17
6269;3;F;2440;11,18
6270;3;F;2441;11,19
6271;3;F;2442;11,2
6272;3;F;2443;11,21
6273;3;F;2444;11,22
6274;3;F;2445;11,23
6275;3;F;2446;11,24
6276;3;F;2447;11,25
6277;3;F;2448;11,26
6278;3;F;2449;11,27
6279;3;F;2450;11,28
6280;3;F;2451;11,29
6281;3;F;2452;11,3
6282;3;F;2453;11,31
6283;3;F;2454;11,32
6284;3;F;2455;11,33
6285;3;F;2456;11,34
6286;3;F;2457;11,35
6287;3;F;2458;11,36
6288;3;F;2459;11,37
6289;3;F;2460;11,38
6290;3;F;2461;11,39
6291;3;F;2462;11,4
6292;3;F;2463;11,41
6293;3;F;2464;11,42
6294;3;F;2465;11,43
6295;3;F;2466;11,44
6296;3;F;2467;11,45
6297;3;F;2468;11,46
6298;3;F;2469;11,47
6299;3;F;2470;11,48
6300;3;F;2471;11,49
6301;3;F;2472;11,5
6302;3;F;2473;11,51
6303;3;F;2474;11,52
6304;3;F;2475;11,53
6305;3;F;2476;11,54
6306;3;F;2477;11,55
6307;3;F;2478;11,56
6308;3;F;2479;11,57
6309;3;F;2480;11,58
6310;3;F;2481;11,59
6311;3;F;2482;11,6
6312;3;F;2483;11,61
6313;3;F;2484;11,62
6314;3;F;2485;11,63
6315;3;F;2486;11,64
6316;3;F;2487;11,65
6317;3;F;2488;11,66
6318;3;F;2489;11,67
6319;3;F;2490;11,68
6320;3;F;2491;11,69
6321;3;F;2492;11,7
6322;3;F;2493;11,71
6323;3;F;2494;11,72
6324;3;F;2495;11,73
6325;3;F;2496;11,74
6326;3;F;2497;11,75
6327;3;F;2498;11,76
6328;3;F;2499;11,77
6329;3;F;2500;11,78
6330;3;F;2501;11,79
6331;3;F;2502;11,8
6332;3;F;2503;11,81
6333;3;F;2504;11,82
6334;3;F;2505;11,83
6335;3;F;2506;11,84
6336;3;F;2507;11,85
6337;3;F;2508;11,86
6338;3;F;2509;11,87
6339;3;F;2510;11,88
6340;3;F;2511;11,89
6341;3;F;2512;11,9
6342;3;F;2513;11,91
6343;3;F;2514;11,92
6344;3;F;2515;11,94
6345;3;F;2516;11,96
6346;3;F;2517;11,97
6347;3;F;2518;11,98
6348;3;F;2519;11,99
6349;3;F;2520;12
6350;3;F;2521;12,01
6351;3;F;2522;12,02
6352;3;F;2523;12,03
6353;3;F;2524;12,04
6354;3;F;2525;12,05
6355;3;F;2526;12,06
6356;3;F;2527;12,07
6357;3;F;2528;12,08
6358;3;F;2529;12,09
6359;3;F;2530;12,1
6360;3;F;2531;12,11
6361;3;F;2532;12,12
6362;3;F;2533;12,14
6363;3;F;2534;12,16
6364;3;F;2535;12,17
6365;3;F;2536;12,18
6366;3;F;2537;12,19
6367;3;F;2538;12,2
6368;3;F;2539;12,21
6369;3;F;2540;12,22
6370;3;F;2541;12,23
6371;3;F;2542;12,24
6372;3;F;2543;12,25
6373;3;F;2544;12,26
6374;3;F;2545;12,27
6375;3;F;2546;12,28
6376;3;F;2547;12,29
6377;3;F;2548;12,3
6378;3;F;2549;12,31
6379;3;F;2550;12,32
6380;3;F;2551;12,34
6381;3;F;2552;12,36
6382;3;F;2553;12,37
6383;3;F;2554;12,38
6384;3;F;2555;12,39
6385;3;F;2556;12,4
6386;3;F;2557;12,41
6387;3;F;2558;12,42
6388;3;F;2559;12,43
6389;3;F;2560;12,44
6390;3;F;2561;12,45
6391;3;F;2562;12,46
6392;3;F;2563;12,47
6393;3;F;2564;12,48
6394;3;F;2565;12,49
6395;3;F;2566;12,5
6396;3;F;2567;12,51
6397;3;F;2568;12,52
6398;3;F;2569;12,54
6399;3;F;2570;12,56
6400;3;F;2571;12,57
6401;3;F;2572;12,58
6402;3;F;2573;12,59
6403;3;F;2574;12,6
6404;3;F;2575;12,61
6405;3;F;2576;12,62
6406;3;F;2577;12,63
6407;3;F;2578;12,64
6408;3;F;2579;12,65
6409;3;F;2580;12,66
6410;3;F;2581;12,67
6411;3;F;2582;12,68
6412;3;F;2583;12,69
6413;3;F;2584;12,7
6414;3;F;2585;12,71
6415;3;F;2586;12,72
6416;3;F;2587;12,74
6417;3;F;2588;12,76
6418;3;F;2589;12,77
6419;3;F;2590;12,78
6420;3;F;2591;12,79
6421;3;F;2592;12,8
6422;3;F;2593;12,81
6423;3;F;2594;12,82
6424;3;F;2595;12,83
6425;3;F;2596;12,84
6426;3;F;2597;12,85
6427;3;F;2598;12,86
6428;3;F;2599;12,87
6429;3;F;2600;12,88
6430;3;F;2601;12,89
6431;3;F;2602;12,9
6432;3;F;2603;12,91
6433;3;F;2604;12,92
6434;3;F;2605;12,94
6435;3;F;2606;12,96
6436;3;F;2607;12,97
6437;3;F;2608;12,98
6438;3;F;2609;12,99
6439;3;F;2610;13
6440;3;F;2611;13,02
6441;3;F;2612;13,04
6442;3;F;2613;13,06
6443;3;F;2614;13,07
6444;3;F;2615;13,08
6445;3;F;2616;13,09
6446;3;F;2617;13,1
6447;3;F;2618;13,11
6448;3;F;2619;13,12
6449;3;F;2620;13,13
6450;3;F;2621;13,14
6451;3;F;2622;13,15
6452;3;F;2623;13,16
6453;3;F;2624;13,17
6454;3;F;2625;13,18
6455;3;F;2626;13,19
6456;3;F;2627;13,2
6457;3;F;2628;13,22
6458;3;F;2629;13,24
6459;3;F;2630;13,26
6460;3;F;2631;13,27
6461;3;F;2632;13,28
6462;3;F;2633;13,29
6463;3;F;2634;13,3
6464;3;F;2635;13,32
6465;3;F;2636;13,34
6466;3;F;2637;13,36
6467;3;F;2638;13,37
6468;3;F;2639;13,38
6469;3;F;2640;13,39
6470;3;F;2641;13,4
6471;3;F;2642;13,41
6472;3;F;2643;13,42
6473;3;F;2644;13,43
6474;3;F;2645;13,44
6475;3;F;2646;13,45
6476;3;F;2647;13,46
6477;3;F;2648;13,47
6478;3;F;2649;13,48
6479;3;F;2650;13,49
6480;3;F;2651;13,5
6481;3;F;2652;13,52
6482;3;F;2653;13,54
6483;3;F;2654;13,56
6484;3;F;2655;13,57
6485;3;F;2656;13,58
6486;3;F;2657;13,59
6487;3;F;2658;13,6
6488;3;F;2659;13,62
6489;3;F;2660;13,64
6490;3;F;2661;13,66
6491;3;F;2662;13,67
6492;3;F;2663;13,68
6493;3;F;2664;13,69
6494;3;F;2665;13,7
6495;3;F;2666;13,71
6496;3;F;2667;13,72
6497;3;F;2668;13,73
6498;3;F;2669;13,74
6499;3;F;2670;13,75
6500;3;F;2671;13,76
6501;3;F;2672;13,77
6502;3;F;2673;13,78
6503;3;F;2674;13,79
6504;3;F;2675;13,8
6505;3;F;2676;13,82
6506;3;F;2677;13,84
6507;3;F;2678;13,86
6508;3;F;2679;13,87
6509;3;F;2680;13,88
6510;3;F;2681;13,9
6511;3;F;2682;13,92
6512;3;F;2683;13,94
6513;3;F;2684;13,96
6514;3;F;2685;13,97
6515;3;F;2686;13,98
6516;3;F;2687;13,99
6517;3;F;2688;14
6518;3;F;2689;14,02
6519;3;F;2690;14,04
6520;3;F;2691;14,06
6521;3;F;2692;14,07
6522;3;F;2693;14,08
6523;3;F;2694;14,09
6524;3;F;2695;14,1
6525;3;F;2696;14,11
6526;3;F;2697;14,12
6527;3;F;2698;14,13
6528;3;F;2699;14,14
6529;3;F;2700;14,15
6530;3;F;2701;14,16
6531;3;F;2702;14,17
6532;3;F;2703;14,18
6533;3;F;2704;14,19
6534;3;F;2705;14,2
6535;3;F;2706;14,22
6536;3;F;2707;14,24
6537;3;F;2708;14,26
6538;3;F;2709;14,27
6539;3;F;2710;14,28
6540;3;F;2711;14,3
6541;3;F;2712;14,32
6542;3;F;2713;14,34
6543;3;F;2714;14,36
6544;3;F;2715;14,37
6545;3;F;2716;14,38
6546;3;F;2717;14,4
6547;3;F;2718;14,42
6548;3;F;2719;14,44
6549;3;F;2720;14,46
6550;3;F;2721;14,47
6551;3;F;2722;14,48
6552;3;F;2723;14,49
6553;3;F;2724;14,5
6554;3;F;2725;14,51
6555;3;F;2726;14,52
6556;3;F;2727;14,53
6557;3;F;2728;14,54
6558;3;F;2729;14,56
6559;3;F;2730;14,57
6560;3;F;2731;14,58
6561;3;F;2732;14,59
6562;3;F;2733;14,6
6563;3;F;2734;14,61
6564;3;F;2735;14,62
6565;3;F;2736;14,64
6566;3;F;2737;14,66
6567;3;F;2738;14,67
6568;3;F;2739;14,68
6569;3;F;2740;14,69
6570;3;F;2741;14,7
6571;3;F;2742;14,72
6572;3;F;2743;14,74
6573;3;F;2744;14,76
6574;3;F;2745;14,77
6575;3;F;2746;14,78
6576;3;F;2747;14,8
6577;3;F;2748;14,82
6578;3;F;2749;14,84
6579;3;F;2750;14,86
6580;3;F;2751;14,87
6581;3;F;2752;14,88
6582;3;F;2753;14,9
6583;3;F;2754;14,92
6584;3;F;2755;14,94
6585;3;F;2756;14,96
6586;3;F;2757;14,97
6587;3;F;2758;14,98
6588;3;F;2759;15
6589;3;F;2760;15,02
6590;3;F;2761;15,04
6591;3;F;2762;15,06
6592;3;F;2763;15,07
6593;3;F;2764;15,08
6594;3;F;2765;15,09
6595;3;F;2766;15,1
6596;3;F;2767;15,12
6597;3;F;2768;15,14
6598;3;F;2769;15,16
6599;3;F;2770;15,17
6600;3;F;2771;15,18
6601;3;F;2772;15,19
6602;3;F;2773;15,2
6603;3;F;2774;15,21
6604;3;F;2775;15,22
6605;3;F;2776;15,24
6606;3;F;2777;15,26
6607;3;F;2778;15,27
6608;3;F;2779;15,28
6609;3;F;2780;15,29
6610;3;F;2781;15,3
6611;3;F;2782;15,31
6612;3;F;2783;15,32
6613;3;F;2784;15,34
6614;3;F;2785;15,36
6615;3;F;2786;15,37
6616;3;F;2787;15,38
6617;3;F;2788;15,39
6618;3;F;2789;15,4
6619;3;F;2790;15,42
6620;3;F;2791;15,44
6621;3;F;2792;15,46
6622;3;F;2793;15,47
6623;3;F;2794;15,48
6624;3;F;2795;15,5
6625;3;F;2796;15,52
6626;3;F;2797;15,54
6627;3;F;2798;15,56
6628;3;F;2799;15,57
6629;3;F;2800;15,58
6630;3;F;2801;15,6
6631;3;F;2802;15,62
6632;3;F;2803;15,64
6633;3;F;2804;15,66
6634;3;F;2805;15,67
6635;3;F;2806;15,68
6636;3;F;2807;15,7
6637;3;F;2808;15,72
6638;3;F;2809;15,74
6639;3;F;2810;15,76
6640;3;F;2811;15,77
6641;3;F;2812;15,78
6642;3;F;2813;15,8
6643;3;F;2814;15,82
6644;3;F;2815;15,84
6645;3;F;2816;15,86
6646;3;F;2817;15,87
6647;3;F;2818;15,88
6648;3;F;2819;15,9
6649;3;F;2820;15,92
6650;3;F;2821;15,94
6651;3;F;2822;15,96
6652;3;F;2823;15,97
6653;3;F;2824;15,98
6654;3;F;2825;16
6655;3;F;2826;16,02
6656;3;F;2827;16,04
6657;3;F;2828;16,06
6658;3;F;2829;16,07
6659;3;F;2830;16,08
6660;3;F;2831;16,1
6661;3;F;2832;16,12
6662;3;F;2833;16,14
6663;3;F;2834;16,16
6664;3;F;2835;16,17
6665;3;F;2836;16,18
6666;3;F;2837;16,2
6667;3;F;2838;16,22
6668;3;F;2839;16,24
6669;3;F;2840;16,26
6670;3;F;2841;16,27
6671;3;F;2842;16,28
6672;3;F;2843;16,3
6673;3;F;2844;16,32
6674;3;F;2845;16,34
6675;3;F;2846;16,36
6676;3;F;2847;16,37
6677;3;F;2848;16,38
6678;3;F;2849;16,4
6679;3;F;2850;16,42
6680;3;F;2851;16,44
6681;3;F;2852;16,46
6682;3;F;2853;16,47
6683;3;F;2854;16,48
6684;3;F;2855;16,5
6685;3;F;2856;16,52
6686;3;F;2857;16,54
6687;3;F;2858;16,56
6688;3;F;2859;16,57
6689;3;F;2860;16,58
6690;3;F;2861;16,6
6691;3;F;2862;16,62
6692;3;F;2863;16,64
6693;3;F;2864;16,66
6694;3;F;2865;16,67
6695;3;F;2866;16,68
6696;3;F;2867;16,7
6697;3;F;2868;16,72
6698;3;F;2869;16,74
6699;3;F;2870;16,76
6700;3;F;2871;16,77
6701;3;F;2872;16,78
6702;3;F;2873;16,8
6703;3;F;2874;16,82
6704;3;F;2875;16,84
6705;3;F;2876;16,86
6706;3;F;2877;16,87
6707;3;F;2878;16,88
6708;3;F;2879;16,9
6709;3;F;2880;16,92
6710;3;F;2881;16,94
6711;3;F;2882;16,96
6712;3;F;2883;16,97
6713;3;F;2884;16,98
6714;3;F;2885;17
6715;3;F;2886;17,02
6716;3;F;2887;17,04
6717;3;F;2888;17,06
6718;3;F;2889;17,07
6719;3;F;2890;17,08
6720;3;F;2891;17,1
6721;3;F;2892;17,12
6722;3;F;2893;17,14
6723;3;F;2894;17,16
6724;3;F;2895;17,17
6725;3;F;2896;17,18
6726;3;F;2897;17,2
6727;3;F;2898;17,22
6728;3;F;2899;17,24
6729;3;F;2900;17,26
6730;3;F;2901;17,27
6731;3;F;2902;17,28
6732;3;F;2903;17,3
6733;3;F;2904;17,32
6734;3;F;2905;17,34
6735;3;F;2906;17,36
6736;3;F;2907;17,37
6737;3;F;2908;17,38
6738;3;F;2909;17,4
6739;3;F;2910;17,42
6740;3;F;2911;17,44
6741;3;F;2912;17,46
6742;3;F;2913;17,47
6743;3;F;2914;17,48
6744;3;F;2915;17,5
6745;3;F;2916;17,52
6746;3;F;2917;17,54
6747;3;F;2918;17,56
6748;3;F;2919;17,57
6749;3;F;2920;17,58
6750;3;F;2921;17,6
6751;3;F;2922;17,62
6752;3;F;2923;17,64
6753;3;F;2924;17,66
6754;3;F;2925;17,67
6755;3;F;2926;17,68
6756;3;F;2927;17,7
6757;3;F;2928;17,72
6758;3;F;2929;17,74
6759;3;F;2930;17,76
6760;3;F;2931;17,78
6761;3;F;2932;17,8
6762;3;F;2933;17,82
6763;3;F;2934;17,84
6764;3;F;2935;17,86
6765;3;F;2936;17,91
6766;3;F;2937;17,96
6767;3;F;2938;17,98
6768;3;F;2939;18
6769;3;F;2940;18,02
6770;3;F;2941;18,04
6771;3;F;2942;18,06
6772;3;F;2943;18,07
6773;3;F;2944;18,08
6774;3;F;2945;18,1
6775;3;F;2946;18,12
6776;3;F;2947;18,14
6777;3;F;2948;18,16
6778;3;F;2949;18,17
6779;3;F;2950;18,18
6780;3;F;2951;18,2
6781;3;F;2952;18,22
6782;3;F;2953;18,24
6783;3;F;2954;18,26
6784;3;F;2955;18,27
6785;3;F;2956;18,28
6786;3;F;2957;18,3
6787;3;F;2958;18,32
6788;3;F;2959;18,34
6789;3;F;2960;18,36
6790;3;F;2961;18,37
6791;3;F;2962;18,38
6792;3;F;2963;18,4
6793;3;F;2964;18,42
6794;3;F;2965;18,44
6795;3;F;2966;18,46
6796;3;F;2967;18,51
6797;3;F;2968;18,56
6798;3;F;2969;18,58
6799;3;F;2970;18,6
6800;3;F;2971;18,62
6801;3;F;2972;18,64
6802;3;F;2973;18,66
6803;3;F;2974;18,68
6804;3;F;2975;18,7
6805;3;F;2976;18,72
6806;3;F;2977;18,74
6807;3;F;2978;18,76
6808;3;F;2979;18,77
6809;3;F;2980;18,78
6810;3;F;2981;18,8
6811;3;F;2982;18,82
6812;3;F;2983;18,84
6813;3;F;2984;18,86
6814;3;F;2985;18,88
6815;3;F;2986;18,9
6816;3;F;2987;18,92
6817;3;F;2988;18,94
6818;3;F;2989;18,96
6819;3;F;2990;18,98
6820;3;F;2991;19
6821;3;F;2992;19,02
6822;3;F;2993;19,04
6823;3;F;2994;19,06
6824;3;F;2995;19,11
6825;3;F;2996;19,16
6826;3;F;2997;19,17
6827;3;F;2998;19,18
6828;3;F;2999;19,2
6829;3;F;3000;19,22
6830;3;F;3001;19,24
6831;3;F;3002;19,26
6832;3;F;3003;19,27
6833;3;F;3004;19,28
6834;3;F;3005;19,3
6835;3;F;3006;19,32
6836;3;F;3007;19,34
6837;3;F;3008;19,36
6838;3;F;3009;19,38
6839;3;F;3010;19,4
6840;3;F;3011;19,42
6841;3;F;3012;19,44
6842;3;F;3013;19,46
6843;3;F;3014;19,51
6844;3;F;3015;19,56
6845;3;F;3016;19,58
6846;3;F;3017;19,6
6847;3;F;3018;19,62
6848;3;F;3019;19,64
6849;3;F;3020;19,66
6850;3;F;3021;19,67
6851;3;F;3022;19,68
6852;3;F;3023;19,7
6853;3;F;3024;19,72
6854;3;F;3025;19,74
6855;3;F;3026;19,76
6856;3;F;3027;19,77
6857;3;F;3028;19,78
6858;3;F;3029;19,8
6859;3;F;3030;19,82
6860;3;F;3031;19,84
6861;3;F;3032;19,96
6862;3;F;3033;20
6863;4;M;2288;0
6864;4;M;2289;0
6865;4;M;2290;0,1
6866;4;M;2291;0,2
6867;4;M;2292;0,3
6868;4;M;2293;0,4
6869;4;M;2294;0,5
6870;4;M;2295;0,6
6871;4;M;2296;0,7
6872;4;M;2297;0,8
6873;4;M;2298;0,9
6874;4;M;2299;1
6875;4;M;2300;1,1
6876;4;M;2301;1,2
6877;4;M;2302;1,25
6878;4;M;2303;1,3
6879;4;M;2304;1,35
6880;4;M;2305;1,4
6881;4;M;2306;1,45
6882;4;M;2307;1,5
6883;4;M;2308;1,55
6884;4;M;2309;1,6
6885;4;M;2310;1,65
6886;4;M;2311;1,7
6887;4;M;2312;1,75
6888;4;M;2313;1,8
6889;4;M;2314;1,9
6890;4;M;2315;2
6891;4;M;2316;2,1
6892;4;M;2317;2,2
6893;4;M;2318;2,3
6894;4;M;2319;2,4
6895;4;M;2320;2,5
6896;4;M;2321;2,55
6897;4;M;2322;2,6
6898;4;M;2323;2,65
6899;4;M;2324;2,7
6900;4;M;2325;2,75
6901;4;M;2326;2,8
6902;4;M;2327;2,9
6903;4;M;2328;3
6904;4;M;2329;3,1
6905;4;M;2330;3,2
6906;4;M;2331;3,3
6907;4;M;2332;3,4
6908;4;M;2333;3,5
6909;4;M;2334;3,6
6910;4;M;2335;3,65
6911;4;M;2336;3,7
6912;4;M;2337;3,75
6913;4;M;2338;3,8
6914;4;M;2339;3,9
6915;4;M;2340;4
6916;4;M;2341;4,1
6917;4;M;2342;4,2
6918;4;M;2343;4,3
6919;4;M;2344;4,4
6920;4;M;2345;4,5
6921;4;M;2346;4,55
6922;4;M;2347;4,6
6923;4;M;2348;4,65
6924;4;M;2349;4,7
6925;4;M;2350;4,75
6926;4;M;2351;4,8
6927;4;M;2352;4,9
6928;4;M;2353;5
6929;4;M;2354;5,1
6930;4;M;2355;5,2
6931;4;M;2356;5,3
6932;4;M;2357;5,4
6933;4;M;2358;5,5
6934;4;M;2359;5,55
6935;4;M;2360;5,6
6936;4;M;2361;5,65
6937;4;M;2362;5,7
6938;4;M;2363;5,8
6939;4;M;2364;5,9
6940;4;M;2365;6
6941;4;M;2366;6,1
6942;4;M;2367;6,2
6943;4;M;2368;6,3
6944;4;M;2369;6,35
6945;4;M;2370;6,4
6946;4;M;2371;6,5
6947;4;M;2372;6,6
6948;4;M;2373;6,7
6949;4;M;2374;6,75
6950;4;M;2375;6,8
6951;4;M;2376;6,85
6952;4;M;2377;6,9
6953;4;M;2378;7
6954;4;M;2379;7,1
6955;4;M;2380;7,2
6956;4;M;2381;7,25
6957;4;M;2382;7,3
6958;4;M;2383;7,4
6959;4;M;2384;7,5
6960;4;M;2385;7,6
6961;4;M;2386;7,65
6962;4;M;2387;7,7
6963;4;M;2388;7,8
6964;4;M;2389;7,9
6965;4;M;2390;8
6966;4;M;2391;8,05
6967;4;M;2392;8,1
6968;4;M;2393;8,2
6969;4;M;2394;8,3
6970;4;M;2395;8,4
6971;4;M;2396;8,45
6972;4;M;2397;8,5
6973;4;M;2398;8,6
6974;4;M;2399;8,7
6975;4;M;2400;8,8
6976;4;M;2401;8,8
6977;4;M;2402;8,81
6978;4;M;2403;8,81
6979;4;M;2404;8,82
6980;4;M;2405;8,82
6981;4;M;2406;8,83
6982;4;M;2407;8,83
6983;4;M;2408;8,84
6984;4;M;2409;8,84
6985;4;M;2410;8,85
6986;4;M;2411;8,85
6987;4;M;2412;8,85
6988;4;M;2413;8,86
6989;4;M;2414;8,86
6990;4;M;2415;8,86
6991;4;M;2416;8,87
6992;4;M;2417;8,87
6993;4;M;2418;8,87
6994;4;M;2419;8,88
6995;4;M;2420;8,88
6996;4;M;2421;8,88
6997;4;M;2422;8,89
6998;4;M;2423;8,89
6999;4;M;2424;8,89
7000;4;M;2425;8,9
7001;4;M;2426;8,9
7002;4;M;2427;8,91
7003;4;M;2428;8,91
7004;4;M;2429;8,92
7005;4;M;2430;8,92
7006;4;M;2431;8,93
7007;4;M;2432;8,93
7008;4;M;2433;8,94
7009;4;M;2434;8,94
7010;4;M;2435;8,95
7011;4;M;2436;8,95
7012;4;M;2437;8,95
7013;4;M;2438;8,96
7014;4;M;2439;8,96
7015;4;M;2440;8,96
7016;4;M;2441;8,97
7017;4;M;2442;8,97
7018;4;M;2443;8,97
7019;4;M;2444;8,98
7020;4;M;2445;8,98
7021;4;M;2446;8,98
7022;4;M;2447;8,99
7023;4;M;2448;8,99
7024;4;M;2449;8,99
7025;4;M;2450;9
7026;4;M;2451;9
7027;4;M;2452;9,01
7028;4;M;2453;9,01
7029;4;M;2454;9,02
7030;4;M;2455;9,02
7031;4;M;2456;9,03
7032;4;M;2457;9,03
7033;4;M;2458;9,04
7034;4;M;2459;9,04
7035;4;M;2460;9,05
7036;4;M;2461;9,05
7037;4;M;2462;9,05
7038;4;M;2463;9,06
7039;4;M;2464;9,06
7040;4;M;2465;9,06
7041;4;M;2466;9,07
7042;4;M;2467;9,07
7043;4;M;2468;9,07
7044;4;M;2469;9,08
7045;4;M;2470;9,08
7046;4;M;2471;9,08
7047;4;M;2472;9,09
7048;4;M;2473;9,09
7049;4;M;2474;9,09
7050;4;M;2475;9,1
7051;4;M;2476;9,1
7052;4;M;2477;9,11
7053;4;M;2478;9,11
7054;4;M;2479;9,12
7055;4;M;2480;9,12
7056;4;M;2481;9,13
7057;4;M;2482;9,13
7058;4;M;2483;9,14
7059;4;M;2484;9,14
7060;4;M;2485;9,15
7061;4;M;2486;9,15
7062;4;M;2487;9,15
7063;4;M;2488;9,16
7064;4;M;2489;9,16
7065;4;M;2490;9,16
7066;4;M;2491;9,17
7067;4;M;2492;9,17
7068;4;M;2493;9,17
7069;4;M;2494;9,18
7070;4;M;2495;9,18
7071;4;M;2496;9,18
7072;4;M;2497;9,19
7073;4;M;2498;9,19
7074;4;M;2499;9,19
7075;4;M;2500;9,2
7076;4;M;2501;9,2
7077;4;M;2502;9,21
7078;4;M;2503;9,21
7079;4;M;2504;9,22
7080;4;M;2505;9,22
7081;4;M;2506;9,23
7082;4;M;2507;9,23
7083;4;M;2508;9,24
7084;4;M;2509;9,24
7085;4;M;2510;9,24
7086;4;M;2511;9,25
7087;4;M;2512;9,25
7088;4;M;2513;9,25
7089;4;M;2514;9,26
7090;4;M;2515;9,26
7091;4;M;2516;9,26
7092;4;M;2517;9,27
7093;4;M;2518;9,27
7094;4;M;2519;9,27
7095;4;M;2520;9,28
7096;4;M;2521;9,28
7097;4;M;2522;9,29
7098;4;M;2523;9,29
7099;4;M;2524;9,29
7100;4;M;2525;9,3
7101;4;M;2526;9,3
7102;4;M;2527;9,31
7103;4;M;2528;9,31
7104;4;M;2529;9,32
7105;4;M;2530;9,32
7106;4;M;2531;9,33
7107;4;M;2532;9,33
7108;4;M;2533;9,34
7109;4;M;2534;9,34
7110;4;M;2535;9,35
7111;4;M;2536;9,35
7112;4;M;2537;9,35
7113;4;M;2538;9,36
7114;4;M;2539;9,36
7115;4;M;2540;9,36
7116;4;M;2541;9,37
7117;4;M;2542;9,37
7118;4;M;2543;9,37
7119;4;M;2544;9,38
7120;4;M;2545;9,38
7121;4;M;2546;9,38
7122;4;M;2547;9,39
7123;4;M;2548;9,39
7124;4;M;2549;9,39
7125;4;M;2550;9,4
7126;4;M;2551;9,4
7127;4;M;2552;9,41
7128;4;M;2553;9,41
7129;4;M;2554;9,42
7130;4;M;2555;9,42
7131;4;M;2556;9,43
7132;4;M;2557;9,43
7133;4;M;2558;9,44
7134;4;M;2559;9,44
7135;4;M;2560;9,45
7136;4;M;2561;9,45
7137;4;M;2562;9,45
7138;4;M;2563;9,46
7139;4;M;2564;9,46
7140;4;M;2565;9,46
7141;4;M;2566;9,47
7142;4;M;2567;9,47
7143;4;M;2568;9,47
7144;4;M;2569;9,48
7145;4;M;2570;9,48
7146;4;M;2571;9,48
7147;4;M;2572;9,49
7148;4;M;2573;9,49
7149;4;M;2574;9,49
7150;4;M;2575;9,5
7151;4;M;2576;9,5
7152;4;M;2577;9,51
7153;4;M;2578;9,51
7154;4;M;2579;9,52
7155;4;M;2580;9,52
7156;4;M;2581;9,53
7157;4;M;2582;9,53
7158;4;M;2583;9,54
7159;4;M;2584;9,54
7160;4;M;2585;9,55
7161;4;M;2586;9,55
7162;4;M;2587;9,55
7163;4;M;2588;9,56
7164;4;M;2589;9,56
7165;4;M;2590;9,56
7166;4;M;2591;9,57
7167;4;M;2592;9,57
7168;4;M;2593;9,57
7169;4;M;2594;9,58
7170;4;M;2595;9,58
7171;4;M;2596;9,58
7172;4;M;2597;9,59
7173;4;M;2598;9,59
7174;4;M;2599;9,59
7175;4;M;2600;9,6
7176;4;M;2601;9,6
7177;4;M;2602;9,61
7178;4;M;2603;9,61
7179;4;M;2604;9,62
7180;4;M;2605;9,62
7181;4;M;2606;9,63
7182;4;M;2607;9,63
7183;4;M;2608;9,64
7184;4;M;2609;9,64
7185;4;M;2610;9,65
7186;4;M;2611;9,65
7187;4;M;2612;9,65
7188;4;M;2613;9,66
7189;4;M;2614;9,66
7190;4;M;2615;9,66
7191;4;M;2616;9,68
7192;4;M;2617;9,67
7193;4;M;2618;9,67
7194;4;M;2619;9,68
7195;4;M;2620;9,68
7196;4;M;2621;9,68
7197;4;M;2622;9,69
7198;4;M;2623;9,69
7199;4;M;2624;9,69
7200;4;M;2625;9,7
7201;4;M;2626;9,7
7202;4;M;2627;9,71
7203;4;M;2628;9,71
7204;4;M;2629;9,72
7205;4;M;2630;9,73
7206;4;M;2631;9,73
7207;4;M;2632;9,73
7208;4;M;2633;9,74
7209;4;M;2634;9,74
7210;4;M;2635;9,75
7211;4;M;2636;9,75
7212;4;M;2637;9,76
7213;4;M;2638;9,76
7214;4;M;2639;9,76
7215;4;M;2640;9,77
7216;4;M;2641;9,77
7217;4;M;2642;9,77
7218;4;M;2643;9,78
7219;4;M;2644;9,78
7220;4;M;2645;9,78
7221;4;M;2646;9,78
7222;4;M;2647;9,79
7223;4;M;2648;9,79
7224;4;M;2649;9,79
7225;4;M;2650;9,8
7226;4;M;2651;9,8
7227;4;M;2652;9,81
7228;4;M;2653;9,81
7229;4;M;2654;9,82
7230;4;M;2655;9,82
7231;4;M;2656;9,83
7232;4;M;2657;9,83
7233;4;M;2658;9,84
7234;4;M;2659;9,84
7235;4;M;2660;9,85
7236;4;M;2661;9,85
7237;4;M;2662;9,85
7238;4;M;2663;9,86
7239;4;M;2664;9,86
7240;4;M;2665;9,86
7241;4;M;2666;9,87
7242;4;M;2667;9,87
7243;4;M;2668;9,87
7244;4;M;2669;9,88
7245;4;M;2670;9,88
7246;4;M;2671;9,88
7247;4;M;2672;9,89
7248;4;M;2673;9,89
7249;4;M;2674;9,89
7250;4;M;2675;9,9
7251;4;M;2676;9,9
7252;4;M;2677;9,9
7253;4;M;2678;9,91
7254;4;M;2679;9,91
7255;4;M;2680;9,91
7256;4;M;2681;9,92
7257;4;M;2682;9,92
7258;4;M;2683;9,92
7259;4;M;2684;9,93
7260;4;M;2685;9,93
7261;4;M;2686;9,94
7262;4;M;2687;9,94
7263;4;M;2688;9,95
7264;4;M;2689;9,95
7265;4;M;2690;9,96
7266;4;M;2691;9,96
7267;4;M;2692;9,97
7268;4;M;2693;9,97
7269;4;M;2694;9,98
7270;4;M;2695;9,98
7271;4;M;2696;9,98
7272;4;M;2697;9,99
7273;4;M;2698;9,99
7274;4;M;2699;9,99
7275;4;M;2700;10
7276;4;M;2701;10
7277;4;M;2702;10,01
7278;4;M;2703;10,01
7279;4;M;2704;10,02
7280;4;M;2705;10,02
7281;4;M;2706;10,03
7282;4;M;2707;10,03
7283;4;M;2708;10,04
7284;4;M;2709;10,04
7285;4;M;2710;10,05
7286;4;M;2711;10,06
7287;4;M;2712;10,07
7288;4;M;2713;10,08
7289;4;M;2714;10,09
7290;4;M;2715;10,1
7291;4;M;2716;10,1
7292;4;M;2717;10,11
7293;4;M;2718;10,11
7294;4;M;2719;10,12
7295;4;M;2720;10,12
7296;4;M;2721;10,13
7297;4;M;2722;10,13
7298;4;M;2723;10,14
7299;4;M;2724;10,14
7300;4;M;2725;10,15
7301;4;M;2726;10,16
7302;4;M;2727;10,17
7303;4;M;2728;10,18
7304;4;M;2729;10,19
7305;4;M;2730;10,2
7306;4;M;2731;10,2
7307;4;M;2732;10,21
7308;4;M;2733;10,21
7309;4;M;2734;10,22
7310;4;M;2735;10,22
7311;4;M;2736;10,23
7312;4;M;2737;10,23
7313;4;M;2738;10,24
7314;4;M;2739;10,24
7315;4;M;2740;10,25
7316;4;M;2741;10,26
7317;4;M;2742;10,27
7318;4;M;2743;10,28
7319;4;M;2744;10,29
7320;4;M;2745;10,3
7321;4;M;2746;10,3
7322;4;M;2747;10,31
7323;4;M;2748;10,31
7324;4;M;2749;10,32
7325;4;M;2750;10,32
7326;4;M;2751;10,33
7327;4;M;2752;10,33
7328;4;M;2753;10,34
7329;4;M;2754;10,34
7330;4;M;2755;10,35
7331;4;M;2756;10,36
7332;4;M;2757;10,37
7333;4;M;2758;10,38
7334;4;M;2759;10,39
7335;4;M;2760;10,4
7336;4;M;2761;10,4
7337;4;M;2762;10,41
7338;4;M;2763;10,41
7339;4;M;2764;10,42
7340;4;M;2765;10,42
7341;4;M;2766;10,43
7342;4;M;2767;10,43
7343;4;M;2768;10,44
7344;4;M;2769;10,44
7345;4;M;2770;10,45
7346;4;M;2771;10,46
7347;4;M;2772;10,47
7348;4;M;2773;10,48
7349;4;M;2774;10,49
7350;4;M;2775;10,5
7351;4;M;2776;10,5
7352;4;M;2777;10,51
7353;4;M;2778;10,51
7354;4;M;2779;10,52
7355;4;M;2780;10,52
7356;4;M;2781;10,53
7357;4;M;2782;10,53
7358;4;M;2783;10,54
7359;4;M;2784;10,55
7360;4;M;2785;10,56
7361;4;M;2786;10,57
7362;4;M;2787;10,58
7363;4;M;2788;10,59
7364;4;M;2789;10,6
7365;4;M;2790;10,6
7366;4;M;2791;10,61
7367;4;M;2792;10,61
7368;4;M;2793;10,62
7369;4;M;2794;10,62
7370;4;M;2795;10,63
7371;4;M;2796;10,64
7372;4;M;2797;10,65
7373;4;M;2798;10,66
7374;4;M;2799;10,67
7375;4;M;2800;10,68
7376;4;M;2801;10,69
7377;4;M;2802;10,7
7378;4;M;2803;10,7
7379;4;M;2804;10,71
7380;4;M;2805;10,71
7381;4;M;2806;10,72
7382;4;M;2807;10,72
7383;4;M;2808;10,73
7384;4;M;2809;10,74
7385;4;M;2810;10,75
7386;4;M;2811;10,76
7387;4;M;2812;10,77
7388;4;M;2813;10,78
7389;4;M;2814;10,79
7390;4;M;2815;10,8
7391;4;M;2816;10,8
7392;4;M;2817;10,81
7393;4;M;2818;10,81
7394;4;M;2819;10,82
7395;4;M;2820;10,82
7396;4;M;2821;10,83
7397;4;M;2822;10,83
7398;4;M;2823;10,84
7399;4;M;2824;10,84
7400;4;M;2825;10,85
7401;4;M;2826;10,86
7402;4;M;2827;10,87
7403;4;M;2828;10,88
7404;4;M;2829;10,89
7405;4;M;2830;10,9
7406;4;M;2831;10,9
7407;4;M;2832;10,91
7408;4;M;2833;10,91
7409;4;M;2834;10,92
7410;4;M;2835;10,92
7411;4;M;2836;10,93
7412;4;M;2837;10,93
7413;4;M;2838;10,94
7414;4;M;2839;10,95
7415;4;M;2840;10,96
7416;4;M;2841;10,97
7417;4;M;2842;10,98
7418;4;M;2843;10,99
7419;4;M;2844;11
7420;4;M;2845;11
7421;4;M;2846;11,01
7422;4;M;2847;11,02
7423;4;M;2848;11,03
7424;4;M;2849;11,04
7425;4;M;2850;11,05
7426;4;M;2851;11,06
7427;4;M;2852;11,07
7428;4;M;2853;11,08
7429;4;M;2854;11,09
7430;4;M;2855;11,1
7431;4;M;2856;11,1
7432;4;M;2857;11,11
7433;4;M;2858;11,11
7434;4;M;2859;11,12
7435;4;M;2860;11,12
7436;4;M;2861;11,13
7437;4;M;2862;11,13
7438;4;M;2863;11,14
7439;4;M;2864;11,15
7440;4;M;2865;11,16
7441;4;M;2866;11,17
7442;4;M;2867;11,18
7443;4;M;2868;11,19
7444;4;M;2869;11,2
7445;4;M;2870;11,2
7446;4;M;2871;11,21
7447;4;M;2872;11,22
7448;4;M;2873;11,23
7449;4;M;2874;11,24
7450;4;M;2875;11,25
7451;4;M;2876;11,26
7452;4;M;2877;11,27
7453;4;M;2878;11,28
7454;4;M;2879;11,29
7455;4;M;2880;11,3
7456;4;M;2881;11,3
7457;4;M;2882;11,31
7458;4;M;2883;11,31
7459;4;M;2884;11,32
7460;4;M;2885;11,32
7461;4;M;2886;11,33
7462;4;M;2887;11,33
7463;4;M;2888;11,34
7464;4;M;2889;11,35
7465;4;M;2890;11,36
7466;4;M;2891;11,37
7467;4;M;2892;11,38
7468;4;M;2893;11,39
7469;4;M;2894;11,4
7470;4;M;2895;11,4
7471;4;M;2896;11,41
7472;4;M;2897;11,42
7473;4;M;2898;11,43
7474;4;M;2899;11,44
7475;4;M;2900;11,45
7476;4;M;2901;11,46
7477;4;M;2902;11,47
7478;4;M;2903;11,48
7479;4;M;2904;11,49
7480;4;M;2905;11,5
7481;4;M;2906;11,5
7482;4;M;2907;11,51
7483;4;M;2908;11,51
7484;4;M;2909;11,52
7485;4;M;2910;11,52
7486;4;M;2911;11,53
7487;4;M;2912;11,53
7488;4;M;2913;11,54
7489;4;M;2914;11,55
7490;4;M;2915;11,56
7491;4;M;2916;11,57
7492;4;M;2917;11,58
7493;4;M;2918;11,59
7494;4;M;2919;11,6
7495;4;M;2920;11,6
7496;4;M;2921;11,61
7497;4;M;2922;11,62
7498;4;M;2923;11,63
7499;4;M;2924;11,64
7500;4;M;2925;11,65
7501;4;M;2926;11,66
7502;4;M;2927;11,67
7503;4;M;2928;11,68
7504;4;M;2929;11,69
7505;4;M;2930;11,7
7506;4;M;2931;11,7
7507;4;M;2932;11,71
7508;4;M;2933;11,71
7509;4;M;2934;11,72
7510;4;M;2935;11,72
7511;4;M;2936;11,73
7512;4;M;2937;11,73
7513;4;M;2938;11,74
7514;4;M;2939;11,75
7515;4;M;2940;11,76
7516;4;M;2941;11,77
7517;4;M;2942;11,78
7518;4;M;2943;11,79
7519;4;M;2944;11,8
7520;4;M;2945;11,8
7521;4;M;2946;11,81
7522;4;M;2947;11,82
7523;4;M;2948;11,83
7524;4;M;2949;11,84
7525;4;M;2950;11,85
7526;4;M;2951;11,86
7527;4;M;2952;11,87
7528;4;M;2953;11,88
7529;4;M;2954;11,89
7530;4;M;2955;11,9
7531;4;M;2956;11,9
7532;4;M;2957;11,91
7533;4;M;2958;11,91
7534;4;M;2959;11,92
7535;4;M;2960;11,92
7536;4;M;2961;11,93
7537;4;M;2962;11,93
7538;4;M;2963;11,94
7539;4;M;2964;11,95
7540;4;M;2965;11,96
7541;4;M;2966;11,97
7542;4;M;2967;11,98
7543;4;M;2968;11,99
7544;4;M;2969;12
7545;4;M;2970;12
7546;4;M;2971;12,01
7547;4;M;2972;12,02
7548;4;M;2973;12,03
7549;4;M;2974;12,04
7550;4;M;2975;12,05
7551;4;M;2976;12,06
7552;4;M;2977;12,07
7553;4;M;2978;12,08
7554;4;M;2979;12,09
7555;4;M;2980;12,1
7556;4;M;2981;12,11
7557;4;M;2982;12,12
7558;4;M;2983;12,13
7559;4;M;2984;12,14
7560;4;M;2985;12,15
7561;4;M;2986;12,16
7562;4;M;2987;12,17
7563;4;M;2988;12,18
7564;4;M;2989;12,19
7565;4;M;2990;12,2
7566;4;M;2991;12,2
7567;4;M;2992;12,21
7568;4;M;2993;12,21
7569;4;M;2994;12,22
7570;4;M;2995;12,23
7571;4;M;2996;12,24
7572;4;M;2997;12,25
7573;4;M;2998;12,26
7574;4;M;2999;12,27
7575;4;M;3000;12,28
7576;4;M;3001;12,29
7577;4;M;3002;12,3
7578;4;M;3003;12,3
7579;4;M;3004;12,31
7580;4;M;3005;12,31
7581;4;M;3006;12,32
7582;4;M;3007;12,32
7583;4;M;3008;12,33
7584;4;M;3009;12,34
7585;4;M;3010;12,35
7586;4;M;3011;12,36
7587;4;M;3012;12,37
7588;4;M;3013;12,38
7589;4;M;3014;12,39
7590;4;M;3015;12,4
7591;4;M;3016;12,4
7592;4;M;3017;12,41
7593;4;M;3018;12,42
7594;4;M;3019;12,43
7595;4;M;3020;12,44
7596;4;M;3021;12,45
7597;4;M;3022;12,46
7598;4;M;3023;12,47
7599;4;M;3024;12,48
7600;4;M;3025;12,49
7601;4;M;3026;12,5
7602;4;M;3027;12,5
7603;4;M;3028;12,51
7604;4;M;3029;12,52
7605;4;M;3030;12,53
7606;4;M;3031;12,54
7607;4;M;3032;12,55
7608;4;M;3033;12,56
7609;4;M;3034;12,57
7610;4;M;3035;12,58
7611;4;M;3036;12,59
7612;4;M;3037;12,6
7613;4;M;3038;12,6
7614;4;M;3039;12,61
7615;4;M;3040;12,62
7616;4;M;3041;12,63
7617;4;M;3042;12,64
7618;4;M;3043;12,65
7619;4;M;3044;12,66
7620;4;M;3045;12,67
7621;4;M;3046;12,68
7622;4;M;3047;12,69
7623;4;M;3048;12,7
7624;4;M;3049;12,7
7625;4;M;3050;12,71
7626;4;M;3051;12,72
7627;4;M;3052;12,73
7628;4;M;3053;12,74
7629;4;M;3054;12,75
7630;4;M;3055;12,76
7631;4;M;3056;12,77
7632;4;M;3057;12,78
7633;4;M;3058;12,79
7634;4;M;3059;12,8
7635;4;M;3060;12,8
7636;4;M;3061;12,81
7637;4;M;3062;12,82
7638;4;M;3063;12,83
7639;4;M;3064;12,84
7640;4;M;3065;12,85
7641;4;M;3066;12,86
7642;4;M;3067;12,87
7643;4;M;3068;12,88
7644;4;M;3069;12,89
7645;4;M;3070;12,9
7646;4;M;3071;12,91
7647;4;M;3072;12,92
7648;4;M;3073;12,93
7649;4;M;3074;12,94
7650;4;M;3075;12,95
7651;4;M;3076;12,96
7652;4;M;3077;12,97
7653;4;M;3078;12,98
7654;4;M;3079;12,99
7655;4;M;3080;13
7656;4;M;3081;13,01
7657;4;M;3082;13,02
7658;4;M;3083;13,03
7659;4;M;3084;13,04
7660;4;M;3085;13,05
7661;4;M;3086;13,06
7662;4;M;3087;13,07
7663;4;M;3088;13,08
7664;4;M;3089;13,09
7665;4;M;3090;13,1
7666;4;M;3091;13,11
7667;4;M;3092;13,12
7668;4;M;3093;13,13
7669;4;M;3094;13,14
7670;4;M;3095;13,15
7671;4;M;3096;13,16
7672;4;M;3097;13,17
7673;4;M;3098;13,18
7674;4;M;3099;13,19
7675;4;M;3100;13,2
7676;4;M;3101;13,21
7677;4;M;3102;13,22
7678;4;M;3103;13,23
7679;4;M;3104;13,24
7680;4;M;3105;13,25
7681;4;M;3106;13,26
7682;4;M;3107;13,27
7683;4;M;3108;13,28
7684;4;M;3109;13,29
7685;4;M;3110;13,3
7686;4;M;3111;13,31
7687;4;M;3112;13,32
7688;4;M;3113;13,33
7689;4;M;3114;13,34
7690;4;M;3115;13,35
7691;4;M;3116;13,36
7692;4;M;3117;13,37
7693;4;M;3118;13,38
7694;4;M;3119;13,39
7695;4;M;3120;13,4
7696;4;M;3121;13,41
7697;4;M;3122;13,42
7698;4;M;3123;13,43
7699;4;M;3124;13,44
7700;4;M;3125;13,45
7701;4;M;3126;13,46
7702;4;M;3127;13,47
7703;4;M;3128;13,48
7704;4;M;3129;13,49
7705;4;M;3130;13,5
7706;4;M;3131;13,51
7707;4;M;3132;13,52
7708;4;M;3133;13,53
7709;4;M;3134;13,54
7710;4;M;3135;13,55
7711;4;M;3136;13,56
7712;4;M;3137;13,57
7713;4;M;3138;13,58
7714;4;M;3139;13,59
7715;4;M;3140;13,6
7716;4;M;3141;13,61
7717;4;M;3142;13,62
7718;4;M;3143;13,63
7719;4;M;3144;13,64
7720;4;M;3145;13,65
7721;4;M;3146;13,66
7722;4;M;3147;13,67
7723;4;M;3148;13,68
7724;4;M;3149;13,69
7725;4;M;3150;13,7
7726;4;M;3151;13,71
7727;4;M;3152;13,72
7728;4;M;3153;13,73
7729;4;M;3154;13,74
7730;4;M;3155;13,75
7731;4;M;3156;13,76
7732;4;M;3157;13,77
7733;4;M;3158;13,78
7734;4;M;3159;13,79
7735;4;M;3160;13,8
7736;4;M;3161;13,81
7737;4;M;3162;13,82
7738;4;M;3163;13,83
7739;4;M;3164;13,84
7740;4;M;3165;13,85
7741;4;M;3166;13,86
7742;4;M;3167;13,87
7743;4;M;3168;13,88
7744;4;M;3169;13,89
7745;4;M;3170;13,9
7746;4;M;3171;13,91
7747;4;M;3172;13,92
7748;4;M;3173;13,93
7749;4;M;3174;13,94
7750;4;M;3175;13,95
7751;4;M;3176;13,96
7752;4;M;3177;13,97
7753;4;M;3178;13,98
7754;4;M;3179;13,99
7755;4;M;3180;14
7756;4;M;3181;14,01
7757;4;M;3182;14,02
7758;4;M;3183;14,03
7759;4;M;3184;14,04
7760;4;M;3185;14,05
7761;4;M;3186;14,06
7762;4;M;3187;14,07
7763;4;M;3188;14,08
7764;4;M;3189;14,1
7765;4;M;3190;14,11
7766;4;M;3191;14,12
7767;4;M;3192;14,13
7768;4;M;3193;14,14
7769;4;M;3194;14,15
7770;4;M;3195;14,16
7771;4;M;3196;14,18
7772;4;M;3197;14,2
7773;4;M;3198;14,21
7774;4;M;3199;14,22
7775;4;M;3200;14,23
7776;4;M;3201;14,24
7777;4;M;3202;14,25
7778;4;M;3203;14,26
7779;4;M;3204;14,27
7780;4;M;3205;14,28
7781;4;M;3206;14,29
7782;4;M;3207;14,3
7783;4;M;3208;14,31
7784;4;M;3209;14,32
7785;4;M;3210;14,33
7786;4;M;3211;14,34
7787;4;M;3212;14,35
7788;4;M;3213;14,36
7789;4;M;3214;14,38
7790;4;M;3215;14,4
7791;4;M;3216;14,41
7792;4;M;3217;14,42
7793;4;M;3218;14,43
7794;4;M;3219;14,44
7795;4;M;3220;14,45
7796;4;M;3221;14,46
7797;4;M;3222;14,47
7798;4;M;3223;14,48
7799;4;M;3224;14,5
7800;4;M;3225;14,51
7801;4;M;3226;14,52
7802;4;M;3227;14,53
7803;4;M;3228;14,54
7804;4;M;3229;14,55
7805;4;M;3230;14,56
7806;4;M;3231;14,57
7807;4;M;3232;14,58
7808;4;M;3233;14,59
7809;4;M;3234;14,6
7810;4;M;3235;14,61
7811;4;M;3236;14,62
7812;4;M;3237;14,63
7813;4;M;3238;14,64
7814;4;M;3239;14,65
7815;4;M;3240;14,66
7816;4;M;3241;14,67
7817;4;M;3242;14,68
7818;4;M;3243;14,69
7819;4;M;3244;14,7
7820;4;M;3245;14,71
7821;4;M;3246;14,72
7822;4;M;3247;14,73
7823;4;M;3248;14,74
7824;4;M;3249;14,75
7825;4;M;3250;14,76
7826;4;M;3251;14,78
7827;4;M;3252;14,8
7828;4;M;3253;14,81
7829;4;M;3254;14,82
7830;4;M;3255;14,83
7831;4;M;3256;14,84
7832;4;M;3257;14,85
7833;4;M;3258;14,86
7834;4;M;3259;14,88
7835;4;M;3260;14,9
7836;4;M;3261;14,91
7837;4;M;3262;14,92
7838;4;M;3263;14,93
7839;4;M;3264;14,94
7840;4;M;3265;14,95
7841;4;M;3266;14,96
7842;4;M;3267;14,97
7843;4;M;3268;14,98
7844;4;M;3269;14,99
7845;4;M;3270;15
7846;4;M;3271;15,01
7847;4;M;3272;15,02
7848;4;M;3273;15,03
7849;4;M;3274;15,04
7850;4;M;3275;15,05
7851;4;M;3276;15,06
7852;4;M;3277;15,07
7853;4;M;3278;15,08
7854;4;M;3279;15,1
7855;4;M;3280;15,11
7856;4;M;3281;15,12
7857;4;M;3282;15,14
7858;4;M;3283;15,16
7859;4;M;3284;15,18
7860;4;M;3285;15,2
7861;4;M;3286;15,21
7862;4;M;3287;15,22
7863;4;M;3288;15,23
7864;4;M;3289;15,24
7865;4;M;3290;15,25
7866;4;M;3291;15,26
7867;4;M;3292;15,27
7868;4;M;3293;15,28
7869;4;M;3294;15,29
7870;4;M;3295;15,3
7871;4;M;3296;15,31
7872;4;M;3297;15,32
7873;4;M;3298;15,33
7874;4;M;3299;15,34
7875;4;M;3300;15,35
7876;4;M;3301;15,36
7877;4;M;3302;15,37
7878;4;M;3303;15,38
7879;4;M;3304;15,4
7880;4;M;3305;15,41
7881;4;M;3306;15,42
7882;4;M;3307;15,44
7883;4;M;3308;15,46
7884;4;M;3309;15,48
7885;4;M;3310;15,5
7886;4;M;3311;15,51
7887;4;M;3312;15,52
7888;4;M;3313;15,53
7889;4;M;3314;15,54
7890;4;M;3315;15,55
7891;4;M;3316;15,56
7892;4;M;3317;15,57
7893;4;M;3318;15,58
7894;4;M;3319;15,59
7895;4;M;3320;15,6
7896;4;M;3321;15,61
7897;4;M;3322;15,62
7898;4;M;3323;15,63
7899;4;M;3324;15,64
7900;4;M;3325;15,65
7901;4;M;3326;15,66
7902;4;M;3327;15,67
7903;4;M;3328;15,68
7904;4;M;3329;15,7
7905;4;M;3330;15,71
7906;4;M;3331;15,72
7907;4;M;3332;15,74
7908;4;M;3333;15,76
7909;4;M;3334;15,78
7910;4;M;3335;15,8
7911;4;M;3336;15,81
7912;4;M;3337;15,82
7913;4;M;3338;15,83
7914;4;M;3339;15,84
7915;4;M;3340;15,85
7916;4;M;3341;15,86
7917;4;M;3342;15,87
7918;4;M;3343;15,88
7919;4;M;3344;15,89
7920;4;M;3345;15,9
7921;4;M;3346;15,92
7922;4;M;3347;15,94
7923;4;M;3348;15,96
7924;4;M;3349;15,98
7925;4;M;3350;16
7926;4;M;3351;16,01
7927;4;M;3352;16,02
7928;4;M;3353;16,03
7929;4;M;3354;16,04
7930;4;M;3355;16,05
7931;4;M;3356;16,06
7932;4;M;3357;16,07
7933;4;M;3358;16,08
7934;4;M;3359;16,09
7935;4;M;3360;16,1
7936;4;M;3361;16,11
7937;4;M;3362;16,12
7938;4;M;3363;16,13
7939;4;M;3364;16,14
7940;4;M;3365;16,16
7941;4;M;3366;16,18
7942;4;M;3367;16,2
7943;4;M;3368;16,21
7944;4;M;3369;16,22
7945;4;M;3370;16,23
7946;4;M;3371;16,24
7947;4;M;3372;16,25
7948;4;M;3373;16,26
7949;4;M;3374;16,28
7950;4;M;3375;16,3
7951;4;M;3376;16,31
7952;4;M;3377;16,32
7953;4;M;3378;16,33
7954;4;M;3379;16,34
7955;4;M;3380;16,36
7956;4;M;3381;16,38
7957;4;M;3382;16,4
7958;4;M;3383;16,41
7959;4;M;3384;16,42
7960;4;M;3385;16,43
7961;4;M;3386;16,44
7962;4;M;3387;16,45
7963;4;M;3388;16,46
7964;4;M;3389;16,48
7965;4;M;3390;16,5
7966;4;M;3391;16,51
7967;4;M;3392;16,52
7968;4;M;3393;16,53
7969;4;M;3394;16,54
7970;4;M;3395;16,56
7971;4;M;3396;16,58
7972;4;M;3397;16,6
7973;4;M;3398;16,61
7974;4;M;3399;16,62
7975;4;M;3400;16,63
7976;4;M;3401;16,64
7977;4;M;3402;16,65
7978;4;M;3403;16,66
7979;4;M;3404;16,68
7980;4;M;3405;16,7
7981;4;M;3406;16,72
7982;4;M;3407;16,74
7983;4;M;3408;16,76
7984;4;M;3409;16,78
7985;4;M;3410;16,8
7986;4;M;3411;16,81
7987;4;M;3412;16,82
7988;4;M;3413;16,83
7989;4;M;3414;16,84
7990;4;M;3415;16,85
7991;4;M;3416;16,86
7992;4;M;3417;16,87
7993;4;M;3418;16,88
7994;4;M;3419;16,89
7995;4;M;3420;16,9
7996;4;M;3421;16,92
7997;4;M;3422;16,94
7998;4;M;3423;16,96
7999;4;M;3424;16,98
8000;4;M;3425;17
8001;4;M;3426;17,01
8002;4;M;3427;17,02
8003;4;M;3428;17,03
8004;4;M;3429;17,04
8005;4;M;3430;17,05
8006;4;M;3431;17,06
8007;4;M;3432;17,07
8008;4;M;3433;17,08
8009;4;M;3434;17,1
8010;4;M;3435;17,11
8011;4;M;3436;17,12
8012;4;M;3437;17,14
8013;4;M;3438;17,16
8014;4;M;3439;17,18
8015;4;M;3440;17,2
8016;4;M;3441;17,21
8017;4;M;3442;17,22
8018;4;M;3443;17,24
8019;4;M;3444;17,26
8020;4;M;3445;17,28
8021;4;M;3446;17,3
8022;4;M;3447;17,31
8023;4;M;3448;17,32
8024;4;M;3449;17,33
8025;4;M;3450;17,34
8026;4;M;3451;17,35
8027;4;M;3452;17,36
8028;4;M;3453;17,37
8029;4;M;3454;17,38
8030;4;M;3455;17,4
8031;4;M;3456;17,42
8032;4;M;3457;17,44
8033;4;M;3458;17,46
8034;4;M;3459;17,48
8035;4;M;3460;17,5
8036;4;M;3461;17,51
8037;4;M;3462;17,52
8038;4;M;3463;17,53
8039;4;M;3464;17,54
8040;4;M;3465;17,55
8041;4;M;3466;17,56
8042;4;M;3467;17,58
8043;4;M;3468;17,6
8044;4;M;3469;17,61
8045;4;M;3470;17,62
8046;4;M;3471;17,63
8047;4;M;3472;17,64
8048;4;M;3473;17,66
8049;4;M;3474;17,68
8050;4;M;3475;17,7
8051;4;M;3476;17,72
8052;4;M;3477;17,74
8053;4;M;3478;17,76
8054;4;M;3479;17,78
8055;4;M;3480;17,8
8056;4;M;3481;17,81
8057;4;M;3482;17,82
8058;4;M;3483;17,83
8059;4;M;3484;17,84
8060;4;M;3485;17,85
8061;4;M;3486;17,86
8062;4;M;3487;17,87
8063;4;M;3488;17,88
8064;4;M;3489;17,89
8065;4;M;3490;17,9
8066;4;M;3491;17,92
8067;4;M;3492;17,94
8068;4;M;3493;17,96
8069;4;M;3494;17,98
8070;4;M;3495;18
8071;4;M;3496;18,02
8072;4;M;3497;18,04
8073;4;M;3498;18,06
8074;4;M;3499;18,08
8075;4;M;3500;18,1
8076;4;M;3501;18,11
8077;4;M;3502;18,12
8078;4;M;3503;18,13
8079;4;M;3504;18,14
8080;4;M;3505;18,15
8081;4;M;3506;18,16
8082;4;M;3507;18,17
8083;4;M;3508;18,18
8084;4;M;3509;18,19
8085;4;M;3510;18,2
8086;4;M;3511;18,22
8087;4;M;3512;18,24
8088;4;M;3513;18,26
8089;4;M;3514;18,28
8090;4;M;3515;18,3
8091;4;M;3516;18,32
8092;4;M;3517;18,34
8093;4;M;3518;18,36
8094;4;M;3519;18,38
8095;4;M;3520;18,4
8096;4;M;3521;18,41
8097;4;M;3522;18,42
8098;4;M;3523;18,43
8099;4;M;3524;18,44
8100;4;M;3525;18,45
8101;4;M;3526;18,46
8102;4;M;3527;18,48
8103;4;M;3528;18,5
8104;4;M;3529;18,51
8105;4;M;3530;18,52
8106;4;M;3531;18,53
8107;4;M;3532;18,54
8108;4;M;3533;18,56
8109;4;M;3534;18,58
8110;4;M;3535;18,6
8111;4;M;3536;18,62
8112;4;M;3537;18,64
8113;4;M;3538;18,66
8114;4;M;3539;18,68
8115;4;M;3540;18,7
8116;4;M;3541;18,72
8117;4;M;3542;18,74
8118;4;M;3543;18,76
8119;4;M;3544;18,78
8120;4;M;3545;18,8
8121;4;M;3546;18,82
8122;4;M;3547;18,84
8123;4;M;3548;18,85
8124;4;M;3549;18,86
8125;4;M;3550;18,87
8126;4;M;3551;18,88
8127;4;M;3552;18,89
8128;4;M;3553;18,9
8129;4;M;3554;18,91
8130;4;M;3555;18,92
8131;4;M;3556;18,93
8132;4;M;3557;18,94
8133;4;M;3558;18,96
8134;4;M;3559;18,98
8135;4;M;3560;19
8136;4;M;3561;19,02
8137;4;M;3562;19,04
8138;4;M;3563;19,06
8139;4;M;3564;19,08
8140;4;M;3565;19,1
8141;4;M;3566;19,12
8142;4;M;3567;19,14
8143;4;M;3568;19,16
8144;4;M;3569;19,18
8145;4;M;3570;19,2
8146;4;M;3571;19,21
8147;4;M;3572;19,22
8148;4;M;3573;19,24
8149;4;M;3574;19,26
8150;4;M;3575;19,28
8151;4;M;3576;19,3
8152;4;M;3577;19,32
8153;4;M;3578;19,33
8154;4;M;3579;19,34
8155;4;M;3580;19,35
8156;4;M;3581;19,36
8157;4;M;3582;19,37
8158;4;M;3583;19,38
8159;4;M;3584;19,39
8160;4;M;3585;19,4
8161;4;M;3586;19,42
8162;4;M;3587;19,44
8163;4;M;3588;19,46
8164;4;M;3589;19,48
8165;4;M;3590;19,5
8166;4;M;3591;19,52
8167;4;M;3592;19,54
8168;4;M;3593;19,56
8169;4;M;3594;19,58
8170;4;M;3595;19,6
8171;4;M;3596;19,62
8172;4;M;3597;19,64
8173;4;M;3598;19,66
8174;4;M;3599;19,68
8175;4;M;3600;19,7
8176;4;M;3601;19,72
8177;4;M;3602;19,74
8178;4;M;3603;19,76
8179;4;M;3604;19,78
8180;4;M;3605;19,8
8181;4;M;3606;19,82
8182;4;M;3607;19,84
8183;4;M;3608;19,86
8184;4;M;3609;19,88
8185;4;M;3610;19,9
8186;4;M;3611;19,91
8187;4;M;3612;19,92
8188;4;M;3613;19,93
8189;4;M;3614;19,94
8190;4;M;3615;19,95
8191;4;M;3616;20
8192;4;F;2118;0
8193;4;F;2119;0
8194;4;F;2120;0,96
8195;4;F;2121;1,01
8196;4;F;2122;1,06
8197;4;F;2123;1,11
8198;4;F;2124;1,16
8199;4;F;2125;1,21
8200;4;F;2126;1,26
8201;4;F;2127;1,31
8202;4;F;2128;1,36
8203;4;F;2129;1,41
8204;4;F;2130;1,46
8205;4;F;2131;1,51
8206;4;F;2132;1,56
8207;4;F;2133;1,61
8208;4;F;2134;1,66
8209;4;F;2135;1,71
8210;4;F;2136;1,76
8211;4;F;2137;1,81
8212;4;F;2138;1,86
8213;4;F;2139;1,91
8214;4;F;2140;1,96
8215;4;F;2141;2,01
8216;4;F;2142;2,06
8217;4;F;2143;2,11
8218;4;F;2144;2,16
8219;4;F;2145;2,21
8220;4;F;2146;2,26
8221;4;F;2147;2,31
8222;4;F;2148;2,36
8223;4;F;2149;2,41
8224;4;F;2150;2,46
8225;4;F;2151;2,51
8226;4;F;2152;2,56
8227;4;F;2153;2,61
8228;4;F;2154;2,66
8229;4;F;2155;2,71
8230;4;F;2156;2,76
8231;4;F;2157;2,82
8232;4;F;2158;2,86
8233;4;F;2159;2,91
8234;4;F;2160;2,96
8235;4;F;2161;3,01
8236;4;F;2162;3,06
8237;4;F;2163;3,11
8238;4;F;2164;3,25
8239;4;F;2165;3,21
8240;4;F;2166;3,26
8241;4;F;2167;3,31
8242;4;F;2168;3,36
8243;4;F;2169;3,41
8244;4;F;2170;3,46
8245;4;F;2171;3,51
8246;4;F;2172;3,56
8247;4;F;2173;3,61
8248;4;F;2174;3,66
8249;4;F;2175;3,71
8250;4;F;2176;3,76
8251;4;F;2177;3,81
8252;4;F;2178;3,86
8253;4;F;2179;3,91
8254;4;F;2180;3,96
8255;4;F;2181;3,96
8256;4;F;2182;4,01
8257;4;F;2183;4,06
8258;4;F;2184;4,11
8259;4;F;2185;4,16
8260;4;F;2186;4,21
8261;4;F;2187;4,26
8262;4;F;2188;4,31
8263;4;F;2189;4,36
8264;4;F;2190;4,41
8265;4;F;2191;4,46
8266;4;F;2192;4,51
8267;4;F;2193;4,56
8268;4;F;2194;4,61
8269;4;F;2195;4,66
8270;4;F;2196;4,71
8271;4;F;2197;4,76
8272;4;F;2198;4,81
8273;4;F;2199;4,86
8274;4;F;2200;4,91
8275;4;F;2201;4,96
8276;4;F;2202;5,01
8277;4;F;2203;5,06
8278;4;F;2204;5,11
8279;4;F;2205;5,16
8280;4;F;2206;5,21
8281;4;F;2207;5,26
8282;4;F;2208;5,31
8283;4;F;2209;5,36
8284;4;F;2210;5,41
8285;4;F;2211;5,46
8286;4;F;2212;5,51
8287;4;F;2213;5,56
8288;4;F;2214;5,61
8289;4;F;2215;5,66
8290;4;F;2216;5,71
8291;4;F;2217;5,76
8292;4;F;2218;5,81
8293;4;F;2219;5,86
8294;4;F;2220;5,91
8295;4;F;2221;5,96
8296;4;F;2222;6,01
8297;4;F;2223;6,06
8298;4;F;2224;6,11
8299;4;F;2225;6,16
8300;4;F;2226;6,21
8301;4;F;2227;6,26
8302;4;F;2228;6,31
8303;4;F;2229;6,36
8304;4;F;2230;6,41
8305;4;F;2231;6,46
8306;4;F;2232;6,51
8307;4;F;2233;6,56
8308;4;F;2234;6,61
8309;4;F;2235;6,66
8310;4;F;2236;6,71
8311;4;F;2237;6,76
8312;4;F;2238;6,81
8313;4;F;2239;6,86
8314;4;F;2240;6,91
8315;4;F;2241;6,96
8316;4;F;2242;7,01
8317;4;F;2243;7,06
8318;4;F;2244;7,11
8319;4;F;2245;7,16
8320;4;F;2246;7,21
8321;4;F;2247;7,26
8322;4;F;2248;7,31
8323;4;F;2249;7,36
8324;4;F;2250;7,41
8325;4;F;2251;7,46
8326;4;F;2252;7,51
8327;4;F;2253;7,56
8328;4;F;2254;7,61
8329;4;F;2255;7,66
8330;4;F;2256;7,71
8331;4;F;2257;7,76
8332;4;F;2258;7,81
8333;4;F;2259;7,86
8334;4;F;2260;7,91
8335;4;F;2261;7,96
8336;4;F;2262;8,01
8337;4;F;2263;8,06
8338;4;F;2264;8,11
8339;4;F;2265;8,16
8340;4;F;2266;8,21
8341;4;F;2267;8,26
8342;4;F;2268;8,31
8343;4;F;2269;8,36
8344;4;F;2270;8,41
8345;4;F;2271;8,46
8346;4;F;2272;8,51
8347;4;F;2273;8,56
8348;4;F;2274;8,61
8349;4;F;2275;8,66
8350;4;F;2276;8,71
8351;4;F;2277;8,76
8352;4;F;2278;8,81
8353;4;F;2279;8,86
8354;4;F;2280;8,91
8355;4;F;2281;8,96
8356;4;F;2282;9,01
8357;4;F;2283;9,06
8358;4;F;2284;9,11
8359;4;F;2285;9,16
8360;4;F;2286;9,21
8361;4;F;2287;9,26
8362;4;F;2288;9,31
8363;4;F;2289;9,36
8364;4;F;2290;9,41
8365;4;F;2291;9,46
8366;4;F;2292;9,51
8367;4;F;2293;9,56
8368;4;F;2294;9,61
8369;4;F;2295;9,66
8370;4;F;2296;9,71
8371;4;F;2297;9,76
8372;4;F;2298;9,81
8373;4;F;2299;9,86
8374;4;F;2300;9,91
8375;4;F;2301;9,96
8376;4;F;2302;9,97
8377;4;F;2303;9,97
8378;4;F;2304;9,98
8379;4;F;2305;9,99
8380;4;F;2306;10
8381;4;F;2307;10,01
8382;4;F;2308;10,02
8383;4;F;2309;10,03
8384;4;F;2310;10,04
8385;4;F;2311;10,05
8386;4;F;2312;10,06
8387;4;F;2313;10,06
8388;4;F;2314;10,07
8389;4;F;2315;10,07
8390;4;F;2316;10,08
8391;4;F;2317;10,09
8392;4;F;2318;10,1
8393;4;F;2319;10,11
8394;4;F;2320;10,12
8395;4;F;2321;10,13
8396;4;F;2322;10,14
8397;4;F;2323;10,15
8398;4;F;2324;10,16
8399;4;F;2325;10,16
8400;4;F;2326;10,17
8401;4;F;2327;10,17
8402;4;F;2328;10,18
8403;4;F;2329;10,19
8404;4;F;2330;10,2
8405;4;F;2331;10,21
8406;4;F;2332;10,22
8407;4;F;2333;10,23
8408;4;F;2334;10,24
8409;4;F;2335;10,25
8410;4;F;2336;10,26
8411;4;F;2337;10,26
8412;4;F;2338;10,27
8413;4;F;2339;10,27
8414;4;F;2340;10,28
8415;4;F;2341;10,29
8416;4;F;2342;10,3
8417;4;F;2343;10,31
8418;4;F;2344;10,32
8419;4;F;2345;10,33
8420;4;F;2346;10,34
8421;4;F;2347;10,35
8422;4;F;2348;10,36
8423;4;F;2349;10,36
8424;4;F;2350;10,37
8425;4;F;2351;10,37
8426;4;F;2352;10,38
8427;4;F;2353;10,38
8428;4;F;2354;10,39
8429;4;F;2355;10,39
8430;4;F;2356;10,4
8431;4;F;2357;10,41
8432;4;F;2358;10,42
8433;4;F;2359;10,43
8434;4;F;2360;10,44
8435;4;F;2361;10,45
8436;4;F;2362;10,46
8437;4;F;2363;10,46
8438;4;F;2364;10,47
8439;4;F;2365;10,48
8440;4;F;2366;10,49
8441;4;F;2367;10,5
8442;4;F;2368;10,51
8443;4;F;2369;10,52
8444;4;F;2370;10,53
8445;4;F;2371;10,54
8446;4;F;2372;10,55
8447;4;F;2373;10,56
8448;4;F;2374;10,56
8449;4;F;2375;10,57
8450;4;F;2376;10,58
8451;4;F;2377;10,59
8452;4;F;2378;10,6
8453;4;F;2379;10,61
8454;4;F;2380;10,62
8455;4;F;2381;10,63
8456;4;F;2382;10,64
8457;4;F;2383;10,65
8458;4;F;2384;10,66
8459;4;F;2385;10,66
8460;4;F;2386;10,67
8461;4;F;2387;10,68
8462;4;F;2388;10,69
8463;4;F;2389;10,7
8464;4;F;2390;10,71
8465;4;F;2391;10,72
8466;4;F;2392;10,73
8467;4;F;2393;10,74
8468;4;F;2394;10,75
8469;4;F;2395;10,76
8470;4;F;2396;10,76
8471;4;F;2397;10,77
8472;4;F;2398;10,78
8473;4;F;2399;10,79
8474;4;F;2400;10,8
8475;4;F;2401;10,81
8476;4;F;2402;10,82
8477;4;F;2403;10,83
8478;4;F;2404;10,84
8479;4;F;2405;10,85
8480;4;F;2406;10,86
8481;4;F;2407;10,87
8482;4;F;2408;10,88
8483;4;F;2409;10,89
8484;4;F;2410;10,9
8485;4;F;2411;10,91
8486;4;F;2412;10,92
8487;4;F;2413;10,93
8488;4;F;2414;10,94
8489;4;F;2415;10,95
8490;4;F;2416;10,96
8491;4;F;2417;10,96
8492;4;F;2418;10,97
8493;4;F;2419;10,98
8494;4;F;2420;10,99
8495;4;F;2421;11
8496;4;F;2422;11,01
8497;4;F;2423;11,02
8498;4;F;2424;11,03
8499;4;F;2425;11,04
8500;4;F;2426;11,05
8501;4;F;2427;11,06
8502;4;F;2428;11,07
8503;4;F;2429;11,08
8504;4;F;2430;11,09
8505;4;F;2431;11,1
8506;4;F;2432;11,11
8507;4;F;2433;11,12
8508;4;F;2434;11,13
8509;4;F;2435;11,14
8510;4;F;2436;11,15
8511;4;F;2437;11,16
8512;4;F;2438;11,16
8513;4;F;2439;11,17
8514;4;F;2440;11,18
8515;4;F;2441;11,19
8516;4;F;2442;11,2
8517;4;F;2443;11,21
8518;4;F;2444;11,22
8519;4;F;2445;11,23
8520;4;F;2446;11,24
8521;4;F;2447;11,25
8522;4;F;2448;11,26
8523;4;F;2449;11,27
8524;4;F;2450;11,28
8525;4;F;2451;11,29
8526;4;F;2452;11,3
8527;4;F;2453;11,31
8528;4;F;2454;11,32
8529;4;F;2455;11,33
8530;4;F;2456;11,34
8531;4;F;2457;11,35
8532;4;F;2458;11,36
8533;4;F;2459;11,37
8534;4;F;2460;11,38
8535;4;F;2461;11,39
8536;4;F;2462;11,4
8537;4;F;2463;11,41
8538;4;F;2464;11,42
8539;4;F;2465;11,43
8540;4;F;2466;11,44
8541;4;F;2467;11,45
8542;4;F;2468;11,46
8543;4;F;2469;11,47
8544;4;F;2470;11,48
8545;4;F;2471;11,49
8546;4;F;2472;11,5
8547;4;F;2473;11,51
8548;4;F;2474;11,52
8549;4;F;2475;11,53
8550;4;F;2476;11,54
8551;4;F;2477;11,55
8552;4;F;2478;11,56
8553;4;F;2479;11,57
8554;4;F;2480;11,58
8555;4;F;2481;11,59
8556;4;F;2482;11,6
8557;4;F;2483;11,61
8558;4;F;2484;11,62
8559;4;F;2485;11,63
8560;4;F;2486;11,64
8561;4;F;2487;11,65
8562;4;F;2488;11,66
8563;4;F;2489;11,67
8564;4;F;2490;11,68
8565;4;F;2491;11,69
8566;4;F;2492;11,7
8567;4;F;2493;11,71
8568;4;F;2494;11,72
8569;4;F;2495;11,73
8570;4;F;2496;11,74
8571;4;F;2497;11,75
8572;4;F;2498;11,76
8573;4;F;2499;11,77
8574;4;F;2500;11,78
8575;4;F;2501;11,79
8576;4;F;2502;11,8
8577;4;F;2503;11,81
8578;4;F;2504;11,82
8579;4;F;2505;11,83
8580;4;F;2506;11,84
8581;4;F;2507;11,85
8582;4;F;2508;11,86
8583;4;F;2509;11,87
8584;4;F;2510;11,88
8585;4;F;2511;11,89
8586;4;F;2512;11,9
8587;4;F;2513;11,91
8588;4;F;2514;11,92
8589;4;F;2515;11,94
8590;4;F;2516;11,96
8591;4;F;2517;11,97
8592;4;F;2518;11,98
8593;4;F;2519;11,99
8594;4;F;2520;12
8595;4;F;2521;12,01
8596;4;F;2522;12,02
8597;4;F;2523;12,03
8598;4;F;2524;12,04
8599;4;F;2525;12,05
8600;4;F;2526;12,06
8601;4;F;2527;12,07
8602;4;F;2528;12,08
8603;4;F;2529;12,09
8604;4;F;2530;12,1
8605;4;F;2531;12,11
8606;4;F;2532;12,12
8607;4;F;2533;12,14
8608;4;F;2534;12,16
8609;4;F;2535;12,17
8610;4;F;2536;12,18
8611;4;F;2537;12,19
8612;4;F;2538;12,2
8613;4;F;2539;12,21
8614;4;F;2540;12,22
8615;4;F;2541;12,23
8616;4;F;2542;12,24
8617;4;F;2543;12,25
8618;4;F;2544;12,26
8619;4;F;2545;12,27
8620;4;F;2546;12,28
8621;4;F;2547;12,29
8622;4;F;2548;12,3
8623;4;F;2549;12,31
8624;4;F;2550;12,32
8625;4;F;2551;12,34
8626;4;F;2552;12,36
8627;4;F;2553;12,37
8628;4;F;2554;12,38
8629;4;F;2555;12,39
8630;4;F;2556;12,4
8631;4;F;2557;12,41
8632;4;F;2558;12,42
8633;4;F;2559;12,43
8634;4;F;2560;12,44
8635;4;F;2561;12,45
8636;4;F;2562;12,46
8637;4;F;2563;12,47
8638;4;F;2564;12,48
8639;4;F;2565;12,49
8640;4;F;2566;12,5
8641;4;F;2567;12,51
8642;4;F;2568;12,52
8643;4;F;2569;12,54
8644;4;F;2570;12,56
8645;4;F;2571;12,57
8646;4;F;2572;12,58
8647;4;F;2573;12,59
8648;4;F;2574;12,6
8649;4;F;2575;12,61
8650;4;F;2576;12,62
8651;4;F;2577;12,63
8652;4;F;2578;12,64
8653;4;F;2579;12,65
8654;4;F;2580;12,66
8655;4;F;2581;12,67
8656;4;F;2582;12,68
8657;4;F;2583;12,69
8658;4;F;2584;12,7
8659;4;F;2585;12,71
8660;4;F;2586;12,72
8661;4;F;2587;12,74
8662;4;F;2588;12,76
8663;4;F;2589;12,77
8664;4;F;2590;12,78
8665;4;F;2591;12,79
8666;4;F;2592;12,8
8667;4;F;2593;12,81
8668;4;F;2594;12,82
8669;4;F;2595;12,83
8670;4;F;2596;12,84
8671;4;F;2597;12,85
8672;4;F;2598;12,86
8673;4;F;2599;12,87
8674;4;F;2600;12,88
8675;4;F;2601;12,89
8676;4;F;2602;12,9
8677;4;F;2603;12,91
8678;4;F;2604;12,92
8679;4;F;2605;12,94
8680;4;F;2606;12,96
8681;4;F;2607;12,97
8682;4;F;2608;12,98
8683;4;F;2609;12,99
8684;4;F;2610;13
8685;4;F;2611;13,02
8686;4;F;2612;13,04
8687;4;F;2613;13,06
8688;4;F;2614;13,07
8689;4;F;2615;13,08
8690;4;F;2616;13,09
8691;4;F;2617;13,1
8692;4;F;2618;13,11
8693;4;F;2619;13,12
8694;4;F;2620;13,13
8695;4;F;2621;13,14
8696;4;F;2622;13,15
8697;4;F;2623;13,16
8698;4;F;2624;13,17
8699;4;F;2625;13,18
8700;4;F;2626;13,19
8701;4;F;2627;13,2
8702;4;F;2628;13,22
8703;4;F;2629;13,24
8704;4;F;2630;13,26
8705;4;F;2631;13,27
8706;4;F;2632;13,28
8707;4;F;2633;13,29
8708;4;F;2634;13,3
8709;4;F;2635;13,32
8710;4;F;2636;13,34
8711;4;F;2637;13,36
8712;4;F;2638;13,37
8713;4;F;2639;13,38
8714;4;F;2640;13,39
8715;4;F;2641;13,4
8716;4;F;2642;13,41
8717;4;F;2643;13,42
8718;4;F;2644;13,43
8719;4;F;2645;13,44
8720;4;F;2646;13,45
8721;4;F;2647;13,46
8722;4;F;2648;13,47
8723;4;F;2649;13,48
8724;4;F;2650;13,49
8725;4;F;2651;13,5
8726;4;F;2652;13,52
8727;4;F;2653;13,54
8728;4;F;2654;13,56
8729;4;F;2655;13,57
8730;4;F;2656;13,58
8731;4;F;2657;13,59
8732;4;F;2658;13,6
8733;4;F;2659;13,62
8734;4;F;2660;13,64
8735;4;F;2661;13,66
8736;4;F;2662;13,67
8737;4;F;2663;13,68
8738;4;F;2664;13,69
8739;4;F;2665;13,7
8740;4;F;2666;13,71
8741;4;F;2667;13,72
8742;4;F;2668;13,73
8743;4;F;2669;13,74
8744;4;F;2670;13,75
8745;4;F;2671;13,76
8746;4;F;2672;13,77
8747;4;F;2673;13,78
8748;4;F;2674;13,79
8749;4;F;2675;13,8
8750;4;F;2676;13,82
8751;4;F;2677;13,84
8752;4;F;2678;13,86
8753;4;F;2679;13,87
8754;4;F;2680;13,88
8755;4;F;2681;13,9
8756;4;F;2682;13,92
8757;4;F;2683;13,94
8758;4;F;2684;13,96
8759;4;F;2685;13,97
8760;4;F;2686;13,98
8761;4;F;2687;13,99
8762;4;F;2688;14
8763;4;F;2689;14,02
8764;4;F;2690;14,04
8765;4;F;2691;14,06
8766;4;F;2692;14,07
8767;4;F;2693;14,08
8768;4;F;2694;14,09
8769;4;F;2695;14,1
8770;4;F;2696;14,11
8771;4;F;2697;14,12
8772;4;F;2698;14,13
8773;4;F;2699;14,14
8774;4;F;2700;14,15
8775;4;F;2701;14,16
8776;4;F;2702;14,17
8777;4;F;2703;14,18
8778;4;F;2704;14,19
8779;4;F;2705;14,2
8780;4;F;2706;14,22
8781;4;F;2707;14,24
8782;4;F;2708;14,26
8783;4;F;2709;14,27
8784;4;F;2710;14,28
8785;4;F;2711;14,3
8786;4;F;2712;14,32
8787;4;F;2713;14,34
8788;4;F;2714;14,36
8789;4;F;2715;14,37
8790;4;F;2716;14,38
8791;4;F;2717;14,4
8792;4;F;2718;14,42
8793;4;F;2719;14,44
8794;4;F;2720;14,46
8795;4;F;2721;14,47
8796;4;F;2722;14,48
8797;4;F;2723;14,49
8798;4;F;2724;14,5
8799;4;F;2725;14,51
8800;4;F;2726;14,52
8801;4;F;2727;14,53
8802;4;F;2728;14,54
8803;4;F;2729;14,56
8804;4;F;2730;14,57
8805;4;F;2731;14,58
8806;4;F;2732;14,59
8807;4;F;2733;14,6
8808;4;F;2734;14,61
8809;4;F;2735;14,62
8810;4;F;2736;14,64
8811;4;F;2737;14,66
8812;4;F;2738;14,67
8813;4;F;2739;14,68
8814;4;F;2740;14,69
8815;4;F;2741;14,7
8816;4;F;2742;14,72
8817;4;F;2743;14,74
8818;4;F;2744;14,76
8819;4;F;2745;14,77
8820;4;F;2746;14,78
8821;4;F;2747;14,8
8822;4;F;2748;14,82
8823;4;F;2749;14,84
8824;4;F;2750;14,86
8825;4;F;2751;14,87
8826;4;F;2752;14,88
8827;4;F;2753;14,9
8828;4;F;2754;14,92
8829;4;F;2755;14,94
8830;4;F;2756;14,96
8831;4;F;2757;14,97
8832;4;F;2758;14,98
8833;4;F;2759;15
8834;4;F;2760;15,02
8835;4;F;2761;15,04
8836;4;F;2762;15,06
8837;4;F;2763;15,07
8838;4;F;2764;15,08
8839;4;F;2765;15,09
8840;4;F;2766;15,1
8841;4;F;2767;15,12
8842;4;F;2768;15,14
8843;4;F;2769;15,16
8844;4;F;2770;15,17
8845;4;F;2771;15,18
8846;4;F;2772;15,19
8847;4;F;2773;15,2
8848;4;F;2774;15,21
8849;4;F;2775;15,22
8850;4;F;2776;15,24
8851;4;F;2777;15,26
8852;4;F;2778;15,27
8853;4;F;2779;15,28
8854;4;F;2780;15,29
8855;4;F;2781;15,3
8856;4;F;2782;15,31
8857;4;F;2783;15,32
8858;4;F;2784;15,34
8859;4;F;2785;15,36
8860;4;F;2786;15,37
8861;4;F;2787;15,38
8862;4;F;2788;15,39
8863;4;F;2789;15,4
8864;4;F;2790;15,42
8865;4;F;2791;15,44
8866;4;F;2792;15,46
8867;4;F;2793;15,47
8868;4;F;2794;15,48
8869;4;F;2795;15,5
8870;4;F;2796;15,52
8871;4;F;2797;15,54
8872;4;F;2798;15,56
8873;4;F;2799;15,57
8874;4;F;2800;15,58
8875;4;F;2801;15,6
8876;4;F;2802;15,62
8877;4;F;2803;15,64
8878;4;F;2804;15,66
8879;4;F;2805;15,67
8880;4;F;2806;15,68
8881;4;F;2807;15,7
8882;4;F;2808;15,72
8883;4;F;2809;15,74
8884;4;F;2810;15,76
8885;4;F;2811;15,77
8886;4;F;2812;15,78
8887;4;F;2813;15,8
8888;4;F;2814;15,82
8889;4;F;2815;15,84
8890;4;F;2816;15,86
8891;4;F;2817;15,87
8892;4;F;2818;15,88
8893;4;F;2819;15,9
8894;4;F;2820;15,92
8895;4;F;2821;15,94
8896;4;F;2822;15,96
8897;4;F;2823;15,97
8898;4;F;2824;15,98
8899;4;F;2825;16
8900;4;F;2826;16,02
8901;4;F;2827;16,04
8902;4;F;2828;16,06
8903;4;F;2829;16,07
8904;4;F;2830;16,08
8905;4;F;2831;16,1
8906;4;F;2832;16,12
8907;4;F;2833;16,14
8908;4;F;2834;16,16
8909;4;F;2835;16,17
8910;4;F;2836;16,18
8911;4;F;2837;16,2
8912;4;F;2838;16,22
8913;4;F;2839;16,24
8914;4;F;2840;16,26
8915;4;F;2841;16,27
8916;4;F;2842;16,28
8917;4;F;2843;16,3
8918;4;F;2844;16,32
8919;4;F;2845;16,34
8920;4;F;2846;16,36
8921;4;F;2847;16,37
8922;4;F;2848;16,38
8923;4;F;2849;16,4
8924;4;F;2850;16,42
8925;4;F;2851;16,44
8926;4;F;2852;16,46
8927;4;F;2853;16,47
8928;4;F;2854;16,48
8929;4;F;2855;16,5
8930;4;F;2856;16,52
8931;4;F;2857;16,54
8932;4;F;2858;16,56
8933;4;F;2859;16,57
8934;4;F;2860;16,58
8935;4;F;2861;16,6
8936;4;F;2862;16,62
8937;4;F;2863;16,64
8938;4;F;2864;16,66
8939;4;F;2865;16,67
8940;4;F;2866;16,68
8941;4;F;2867;16,7
8942;4;F;2868;16,72
8943;4;F;2869;16,74
8944;4;F;2870;16,76
8945;4;F;2871;16,77
8946;4;F;2872;16,78
8947;4;F;2873;16,8
8948;4;F;2874;16,82
8949;4;F;2875;16,84
8950;4;F;2876;16,86
8951;4;F;2877;16,87
8952;4;F;2878;16,88
8953;4;F;2879;16,9
8954;4;F;2880;16,92
8955;4;F;2881;16,94
8956;4;F;2882;16,96
8957;4;F;2883;16,97
8958;4;F;2884;16,98
8959;4;F;2885;17
8960;4;F;2886;17,02
8961;4;F;2887;17,04
8962;4;F;2888;17,06
8963;4;F;2889;17,07
8964;4;F;2890;17,08
8965;4;F;2891;17,1
8966;4;F;2892;17,12
8967;4;F;2893;17,14
8968;4;F;2894;17,16
8969;4;F;2895;17,17
8970;4;F;2896;17,18
8971;4;F;2897;17,2
8972;4;F;2898;17,22
8973;4;F;2899;17,24
8974;4;F;2900;17,26
8975;4;F;2901;17,27
8976;4;F;2902;17,28
8977;4;F;2903;17,3
8978;4;F;2904;17,32
8979;4;F;2905;17,34
8980;4;F;2906;17,36
8981;4;F;2907;17,37
8982;4;F;2908;17,38
8983;4;F;2909;17,4
8984;4;F;2910;17,42
8985;4;F;2911;17,44
8986;4;F;2912;17,46
8987;4;F;2913;17,47
8988;4;F;2914;17,48
8989;4;F;2915;17,5
8990;4;F;2916;17,52
8991;4;F;2917;17,54
8992;4;F;2918;17,56
8993;4;F;2919;17,57
8994;4;F;2920;17,58
8995;4;F;2921;17,6
8996;4;F;2922;17,62
8997;4;F;2923;17,64
8998;4;F;2924;17,66
8999;4;F;2925;17,67
9000;4;F;2926;17,68
9001;4;F;2927;17,7
9002;4;F;2928;17,72
9003;4;F;2929;17,74
9004;4;F;2930;17,76
9005;4;F;2931;17,78
9006;4;F;2932;17,8
9007;4;F;2933;17,82
9008;4;F;2934;17,84
9009;4;F;2935;17,86
9010;4;F;2936;17,91
9011;4;F;2937;17,96
9012;4;F;2938;17,98
9013;4;F;2939;18
9014;4;F;2940;18,02
9015;4;F;2941;18,04
9016;4;F;2942;18,06
9017;4;F;2943;18,07
9018;4;F;2944;18,08
9019;4;F;2945;18,1
9020;4;F;2946;18,12
9021;4;F;2947;18,14
9022;4;F;2948;18,16
9023;4;F;2949;18,17
9024;4;F;2950;18,18
9025;4;F;2951;18,2
9026;4;F;2952;18,22
9027;4;F;2953;18,24
9028;4;F;2954;18,26
9029;4;F;2955;18,27
9030;4;F;2956;18,28
9031;4;F;2957;18,3
9032;4;F;2958;18,32
9033;4;F;2959;18,34
9034;4;F;2960;18,36
9035;4;F;2961;18,37
9036;4;F;2962;18,38
9037;4;F;2963;18,4
9038;4;F;2964;18,42
9039;4;F;2965;18,44
9040;4;F;2966;18,46
9041;4;F;2967;18,51
9042;4;F;2968;18,56
9043;4;F;2969;18,58
9044;4;F;2970;18,6
9045;4;F;2971;18,62
9046;4;F;2972;18,64
9047;4;F;2973;18,66
9048;4;F;2974;18,68
9049;4;F;2975;18,7
9050;4;F;2976;18,72
9051;4;F;2977;18,74
9052;4;F;2978;18,76
9053;4;F;2979;18,77
9054;4;F;2980;18,78
9055;4;F;2981;18,8
9056;4;F;2982;18,82
9057;4;F;2983;18,84
9058;4;F;2984;18,86
9059;4;F;2985;18,88
9060;4;F;2986;18,9
9061;4;F;2987;18,92
9062;4;F;2988;18,94
9063;4;F;2989;18,96
9064;4;F;2990;18,98
9065;4;F;2991;19
9066;4;F;2992;19,02
9067;4;F;2993;19,04
9068;4;F;2994;19,06
9069;4;F;2995;19,11
9070;4;F;2996;19,16
9071;4;F;2997;19,17
9072;4;F;2998;19,18
9073;4;F;2999;19,2
9074;4;F;3000;19,22
9075;4;F;3001;19,24
9076;4;F;3002;19,26
9077;4;F;3003;19,27
9078;4;F;3004;19,28
9079;4;F;3005;19,3
9080;4;F;3006;19,32
9081;4;F;3007;19,34
9082;4;F;3008;19,36
9083;4;F;3009;19,38
9084;4;F;3010;19,4
9085;4;F;3011;19,42
9086;4;F;3012;19,44
9087;4;F;3013;19,46
9088;4;F;3014;19,51
9089;4;F;3015;19,56
9090;4;F;3016;19,58
9091;4;F;3017;19,6
9092;4;F;3018;19,62
9093;4;F;3019;19,64
9094;4;F;3020;19,66
9095;4;F;3021;19,67
9096;4;F;3022;19,68
9097;4;F;3023;19,7
9098;4;F;3024;19,72
9099;4;F;3025;19,74
9100;4;F;3026;19,76
9101;4;F;3027;19,77
9102;4;F;3028;19,78
9103;4;F;3029;19,8
9104;4;F;3030;19,82
9105;4;F;3031;19,84
9106;4;F;3032;19,96
9107;4;F;3033;20
